run,epoch,map50_95,map50,mp,mr,n_images,secs
r10_aitod20_base30_3way_s42n,0,10.7886,26.4053,58.5413,27.6461,,13.0
r10_aitod20_base30_3way_s42n,20,10.1827,25.4732,48.5958,26.3903,,11.9
r10_shwd2sf_base100_3way_s42n,0,30.4848,54.0244,72.2775,47.0688,,16.5
r10_shwd2sf_base100_3way_s42n,20,41.4845,72.6899,82.6881,67.4050,,15.3
r10_shwd2sf_base100_3way_s42n,40,43.4434,73.9893,84.0951,69.1956,,15.5
r10_shwd2sf_base100_3way_s42n,60,43.4737,73.4789,83.1069,69.2545,,15.4
r10_shwd2sf_base100_3way_s42n,80,43.7441,73.8662,82.5576,70.2293,,15.1
r10_shwd2sf_base100_3way_s43n,0,30.7766,53.8897,72.4015,47.4355,,15.6
r10_shwd2sf_base100_3way_s43n,20,41.8677,73.2165,83.1365,67.6377,,15.3
r10_shwd2sf_base100_3way_s43n,40,43.2056,73.2566,83.1286,68.8306,,15.7
r10_shwd2sf_base100_3way_s43n,60,43.3225,73.5976,84.6176,68.5301,,15.2
r10_shwd2sf_base100_3way_s43n,80,44.0517,74.2092,83.2701,70.2704,,15.3
r10_shwd2sf_base100_3way_s44n,0,29.6466,53.5547,73.9437,47.4196,,16.0
r10_shwd2sf_base100_3way_s44n,20,41.6006,72.3643,82.1155,67.6744,,15.3
r10_shwd2sf_base100_3way_s44n,40,42.6536,72.3358,80.9948,67.3674,,15.4
r10_shwd2sf_base100_3way_s44n,60,43.2555,73.1943,82.9104,68.5555,,15.0
r10_shwd2sf_base100_3way_s44n,80,42.8495,72.5468,83.2526,68.2083,,15.2
r10_shwd2sf_base100_3way_s45n,0,29.5524,53.5783,73.9657,45.9811,,15.8
r10_shwd2sf_base100_3way_s45n,20,41.3195,72.2291,80.8774,66.5185,,15.5
r10_shwd2sf_base100_3way_s45n,40,42.4232,72.7713,84.4196,67.8473,,15.4
r10_shwd2sf_base100_3way_s45n,60,43.1506,73.2387,83.1141,68.4289,,15.0
r10_shwd2sf_base100_3way_s45n,80,42.9113,72.9519,83.9583,68.8595,,15.2
r10_shwd2sf_base100_3way_s46n,0,29.8321,53.0276,71.7705,46.4558,,15.8
r10_shwd2sf_base100_3way_s46n,20,41.7278,72.3486,80.8748,67.3489,,15.4
r10_shwd2sf_base100_3way_s46n,40,42.9108,73.4563,82.2781,68.7456,,15.2
r10_shwd2sf_base100_3way_s46n,60,43.5931,73.4365,82.3539,69.4162,,15.2
r10_shwd2sf_base100_3way_s46n,80,43.4883,73.5165,82.4404,69.5649,,15.3
r10_shwd2sf_base100_3way_s47n,0,29.9494,53.7273,73.9778,46.7225,,15.8
r10_shwd2sf_base100_3way_s47n,20,41.1152,71.7146,81.3939,66.7360,,15.5
r10_shwd2sf_base100_3way_s47n,40,42.7918,73.1853,81.6203,69.0373,,15.3
r10_shwd2sf_base100_3way_s47n,60,43.0105,72.8870,83.7408,68.8041,,15.3
r10_shwd2sf_base100_3way_s47n,80,43.7074,73.7025,83.2791,69.8500,,15.2
r10_shwd2sf_base100_3way_s48n,0,30.7026,54.9476,72.1658,48.8191,,15.6
r10_shwd2sf_base100_3way_s48n,20,41.7670,72.7239,81.6820,69.1617,,15.6
r10_shwd2sf_base100_3way_s48n,40,42.5627,73.1231,83.5248,67.4791,,15.2
r10_shwd2sf_base100_3way_s48n,60,42.6703,72.4830,81.2342,68.6663,,15.6
r10_shwd2sf_base100_3way_s48n,80,43.5445,73.2573,81.3228,70.0741,,14.9
r10_shwd2sf_base100_3way_s49n,0,30.1311,53.1892,75.5994,45.8464,,15.5
r10_shwd2sf_base100_3way_s49n,20,41.7527,72.2920,84.9470,65.3644,,15.2
r10_shwd2sf_base100_3way_s49n,40,42.3929,72.9141,81.8712,68.9493,,15.2
r10_shwd2sf_base100_3way_s49n,60,43.3013,73.1138,83.6413,68.9937,,15.3
r10_shwd2sf_base100_3way_s49n,80,43.3947,73.5590,83.4755,68.9763,,15.2
r10_shwd2sf_base100_3way_s50n,0,30.4147,54.4155,72.4592,48.4115,,15.7
r10_shwd2sf_base100_3way_s50n,20,42.0257,71.8941,81.0404,67.7704,,15.0
r10_shwd2sf_base100_3way_s50n,40,42.2569,72.6857,83.2730,68.0488,,15.1
r10_shwd2sf_base100_3way_s50n,60,43.1968,72.8674,86.0510,67.1013,,15.1
r10_shwd2sf_base100_3way_s50n,80,43.2598,72.7456,84.1724,68.2221,,15.4
r10_shwd2sf_base100_3way_s51n,0,30.0872,54.3008,73.0944,48.2409,,15.7
r10_shwd2sf_base100_3way_s51n,20,41.1528,72.3347,78.3063,69.1094,,15.4
r10_shwd2sf_base100_3way_s51n,40,42.6056,73.1298,81.5572,68.8442,,15.1
r10_shwd2sf_base100_3way_s51n,60,42.4470,72.6593,82.8567,68.5921,,15.2
r10_shwd2sf_base100_3way_s51n,80,43.5962,73.5471,82.5539,70.6835,,15.1
r10_shwd2sf_lr005_100ep_3way_s42n,0,26.2972,50.5153,72.0952,45.7509,,15.8
r10_shwd2sf_lr005_100ep_3way_s42n,20,38.7581,68.3525,80.9104,62.4503,,15.2
r10_shwd2sf_lr005_100ep_3way_s42n,40,40.7459,70.8588,84.2392,64.5807,,15.3
r10_shwd2sf_lr005_100ep_3way_s42n,60,42.4596,72.7872,83.2102,68.2402,,15.4
r10_shwd2sf_lr005_100ep_3way_s42n,80,43.8111,73.5708,83.8083,69.3687,,15.3
r10_shwd2sf_lr005_100ep_3way_s43n,0,28.8318,56.2572,72.2510,50.8457,,15.6
r10_shwd2sf_lr005_100ep_3way_s43n,20,38.4250,68.1130,77.0156,64.7467,,15.6
r10_shwd2sf_lr005_100ep_3way_s43n,40,40.6667,71.3363,77.4630,66.7529,,15.3
r10_shwd2sf_lr005_100ep_3way_s43n,60,42.6840,72.7988,82.4813,68.5492,,15.2
r10_shwd2sf_lr005_100ep_3way_s43n,80,44.4659,73.8703,81.6415,70.6004,,15.1
r10_shwd2sf_lr005_100ep_3way_s44n,0,30.2069,55.0612,78.2582,47.1735,,15.6
r10_shwd2sf_lr005_100ep_3way_s44n,20,37.6066,67.1470,75.3295,63.1902,,15.4
r10_shwd2sf_lr005_100ep_3way_s44n,40,41.8078,72.5297,82.8705,67.3311,,15.2
r10_shwd2sf_lr005_100ep_3way_s44n,60,42.8862,73.0875,83.1059,68.5225,,15.3
r10_shwd2sf_lr005_100ep_3way_s44n,80,43.7682,73.5346,84.1606,68.8686,,15.1
r10_shwd2sf_lr005_100ep_3way_s45n,0,24.5349,52.6196,68.4241,48.5596,,15.6
r10_shwd2sf_lr005_100ep_3way_s45n,20,38.2433,68.2069,77.2094,64.9593,,15.4
r10_shwd2sf_lr005_100ep_3way_s45n,40,41.0897,71.1535,80.4890,67.7084,,15.1
r10_shwd2sf_lr005_100ep_3way_s45n,60,42.0494,71.9408,83.8155,67.1798,,15.1
r10_shwd2sf_lr005_100ep_3way_s45n,80,43.4840,73.0280,85.3573,68.2106,,48.6
r10_shwd2sf_lr005_100ep_3way_s46n,0,29.1346,56.8095,72.7876,51.2535,,15.7
r10_shwd2sf_lr005_100ep_3way_s46n,20,37.3449,68.0038,78.6418,62.8643,,15.4
r10_shwd2sf_lr005_100ep_3way_s46n,40,41.3216,71.3826,82.5822,66.0447,,15.3
r10_shwd2sf_lr005_100ep_3way_s46n,60,42.9507,72.1118,83.5947,66.9793,,15.0
r10_shwd2sf_lr005_100ep_3way_s46n,80,44.3282,73.8405,84.4587,69.2753,,15.2
r10_shwd2sf_lr005_100ep_3way_s47n,0,29.7706,58.0661,72.6070,53.6993,,15.6
r10_shwd2sf_lr005_100ep_3way_s47n,20,37.8586,67.7070,78.6834,63.5404,,15.3
r10_shwd2sf_lr005_100ep_3way_s47n,40,40.5799,71.2154,82.4093,65.5043,,15.1
r10_shwd2sf_lr005_100ep_3way_s47n,60,43.0877,72.5910,82.0811,69.0246,,15.4
r10_shwd2sf_lr005_100ep_3way_s47n,80,43.6510,73.4339,84.2592,69.3877,,15.3
r10_shwd2sf_lr005_100ep_3way_s48n,0,30.3770,55.7251,70.6182,49.8402,,15.9
r10_shwd2sf_lr005_100ep_3way_s48n,20,37.3671,68.3812,79.1164,63.4383,,15.6
r10_shwd2sf_lr005_100ep_3way_s48n,40,41.8521,72.7971,83.4867,67.3340,,15.2
r10_shwd2sf_lr005_100ep_3way_s48n,60,43.1854,73.4646,82.2815,68.7932,,15.2
r10_shwd2sf_lr005_100ep_3way_s48n,80,43.4082,72.9853,83.8203,69.0489,,15.2
r10_shwd2sf_lr005_100ep_3way_s49n,0,31.1547,56.1562,78.3782,48.8882,,45.9
r10_shwd2sf_lr005_100ep_3way_s49n,20,37.6863,68.7012,79.6556,62.9821,,15.3
r10_shwd2sf_lr005_100ep_3way_s49n,40,41.9787,72.4946,82.3947,67.1956,,15.2
r10_shwd2sf_lr005_100ep_3way_s49n,60,42.7720,73.1006,85.6749,68.4275,,15.2
r10_shwd2sf_lr005_100ep_3way_s49n,80,43.9084,73.4223,82.8606,69.1727,,15.3
r10_shwd2sf_lr005_100ep_3way_s50n,0,29.5564,56.3384,70.7273,51.4621,,15.7
r10_shwd2sf_lr005_100ep_3way_s50n,20,37.8513,66.1420,77.3513,63.0385,,15.1
r10_shwd2sf_lr005_100ep_3way_s50n,40,41.2814,71.4065,80.8783,67.5129,,15.3
r10_shwd2sf_lr005_100ep_3way_s50n,60,42.3482,71.8832,82.7071,67.5349,,15.5
r10_shwd2sf_lr005_100ep_3way_s50n,80,44.4123,73.8971,83.1302,69.0965,,15.1
r10_shwd2sf_lr005_100ep_3way_s51n,0,28.7012,55.4146,77.5598,48.8365,,15.2
r10_shwd2sf_lr005_100ep_3way_s51n,20,38.6111,69.0935,79.5739,63.4746,,15.6
r10_shwd2sf_lr005_100ep_3way_s51n,40,40.7589,71.2898,80.1377,67.1748,,15.2
r10_shwd2sf_lr005_100ep_3way_s51n,60,42.5103,72.1861,84.5054,66.5239,,15.0
r10_shwd2sf_lr005_100ep_3way_s51n,80,43.8719,73.2450,84.7098,69.6387,,15.1
r10_smoke2sf_base100_3way_s42n,0,11.6969,22.4288,29.7001,21.9833,,15.2
r10_smoke2sf_base100_3way_s42n,20,38.8492,69.5049,81.2670,63.2803,,15.6
r10_smoke2sf_base100_3way_s42n,40,41.3472,72.4192,78.7696,67.7310,,15.4
r10_smoke2sf_base100_3way_s42n,60,41.9827,72.2822,81.4914,66.9425,,15.2
r10_smoke2sf_base100_3way_s42n,80,42.3766,72.6201,82.7201,67.3698,,15.2
r10_smoke2sf_base100_3way_s43n,0,11.8791,22.7636,29.7766,22.3419,,15.6
r10_smoke2sf_base100_3way_s43n,20,39.2981,69.4104,80.1261,64.2709,,15.4
r10_smoke2sf_base100_3way_s43n,40,41.3271,71.0116,80.4273,66.2587,,15.3
r10_smoke2sf_base100_3way_s43n,60,42.2045,72.6854,84.1600,67.2831,,15.2
r10_smoke2sf_base100_3way_s43n,80,42.6108,73.0820,81.6437,68.7917,,15.1
r10_smoke2sf_base100_3way_s44n,0,11.9669,22.4388,29.9124,21.9440,,15.3
r10_smoke2sf_base100_3way_s44n,20,39.0517,69.3615,78.1115,65.0712,,15.4
r10_smoke2sf_base100_3way_s44n,40,41.1134,71.7689,81.9097,66.0687,,15.2
r10_smoke2sf_base100_3way_s44n,60,42.1489,72.8164,80.5423,68.7731,,15.4
r10_smoke2sf_base100_3way_s44n,80,42.0791,72.2089,82.4040,67.3296,,15.1
r10_smoke2sf_base100_3way_s45n,0,11.4759,21.9658,29.0292,21.7459,,15.5
r10_smoke2sf_base100_3way_s45n,20,38.8233,68.5776,79.8801,64.1363,,45.7
r10_smoke2sf_base100_3way_s45n,40,40.8806,70.6732,79.9396,66.1144,,15.3
r10_smoke2sf_base100_3way_s45n,60,41.0919,71.5535,79.1581,67.7229,,15.5
r10_smoke2sf_base100_3way_s45n,80,41.4914,71.3553,81.1272,66.0578,,15.3
r10_smoke2sf_base100_3way_s46n,0,10.7901,21.2276,28.8656,21.0597,,15.7
r10_smoke2sf_base100_3way_s46n,20,39.1328,69.6101,77.8722,65.6859,,15.4
r10_smoke2sf_base100_3way_s46n,40,41.3576,71.6119,81.6822,66.5556,,15.3
r10_smoke2sf_base100_3way_s46n,60,41.3541,71.6708,80.3547,67.2861,,15.5
r10_smoke2sf_base100_3way_s46n,80,41.7872,71.5026,81.6436,66.8125,,15.0
r10_smoke2sf_base100_3way_s47n,0,10.8222,21.8478,27.8043,22.1986,,15.7
r10_smoke2sf_base100_3way_s47n,20,38.6186,69.0647,78.9062,64.2391,,15.6
r10_smoke2sf_base100_3way_s47n,40,40.5270,71.2193,81.0511,65.7335,,15.3
r10_smoke2sf_base100_3way_s47n,60,41.3680,71.7331,81.3229,67.3783,,15.6
r10_smoke2sf_base100_3way_s47n,80,42.0763,71.8828,82.6375,67.0662,,15.0
r10_smoke2sf_base100_3way_s48n,0,10.8270,21.6140,30.1048,21.2153,,15.4
r10_smoke2sf_base100_3way_s48n,20,39.0714,70.0960,81.2006,64.2663,,15.6
r10_smoke2sf_base100_3way_s48n,40,41.5298,71.7905,80.4146,66.4236,,15.1
r10_smoke2sf_base100_3way_s48n,60,41.2941,72.3522,81.8398,67.6536,,15.3
r10_smoke2sf_base100_3way_s48n,80,42.1143,72.9335,83.7352,67.3383,,14.9
r10_smoke2sf_base100_3way_s49n,0,10.9063,21.8948,29.6036,21.3993,,15.6
r10_smoke2sf_base100_3way_s49n,20,39.2506,69.3346,77.9145,64.8649,,15.4
r10_smoke2sf_base100_3way_s49n,40,40.6526,71.8506,81.7466,66.6312,,15.4
r10_smoke2sf_base100_3way_s49n,60,42.0661,72.4322,83.3346,67.2811,,15.2
r10_smoke2sf_base100_3way_s49n,80,41.9464,72.2137,83.2075,66.9544,,15.2
r10_smoke2sf_base100_3way_s50n,0,11.4498,21.5840,29.1888,21.5903,,15.6
r10_smoke2sf_base100_3way_s50n,20,39.2580,69.2477,80.8188,62.7334,,15.6
r10_smoke2sf_base100_3way_s50n,40,40.9540,71.6041,78.2817,67.2119,,15.2
r10_smoke2sf_base100_3way_s50n,60,41.6969,71.8308,82.5598,67.1286,,15.2
r10_smoke2sf_base100_3way_s50n,80,42.3521,72.2183,82.9309,68.0162,,15.4
r10_smoke2sf_base100_3way_s51n,0,10.9265,21.6058,28.9822,21.3710,,15.5
r10_smoke2sf_base100_3way_s51n,20,37.7717,68.5113,79.6542,63.1229,,15.6
r10_smoke2sf_base100_3way_s51n,40,40.6903,71.2791,80.3697,66.7946,,15.2
r10_smoke2sf_base100_3way_s51n,60,41.5914,71.8607,81.8592,66.2910,,15.3
r10_smoke2sf_base100_3way_s51n,80,42.1974,71.6282,81.1280,67.7536,,14.8
r10_smoke2sf_lr005_100ep_3way_s42n,0,15.9915,32.1004,38.4822,27.7943,,15.5
r10_smoke2sf_lr005_100ep_3way_s42n,20,37.5635,67.4853,76.4785,63.4706,,15.3
r10_smoke2sf_lr005_100ep_3way_s42n,40,40.5024,71.0000,80.1445,67.2330,,15.2
r10_smoke2sf_lr005_100ep_3way_s42n,60,43.3167,73.8036,81.9455,69.3828,,15.1
r10_smoke2sf_lr005_100ep_3way_s42n,80,44.0487,73.5726,84.1716,69.4548,,15.0
r10_smoke2sf_lr005_100ep_3way_s43n,0,17.3466,33.2842,87.8016,29.5204,,15.5
r10_smoke2sf_lr005_100ep_3way_s43n,20,37.6077,67.8167,81.2209,62.1279,,15.6
r10_smoke2sf_lr005_100ep_3way_s43n,40,41.3540,71.7725,82.1347,65.3525,,15.0
r10_smoke2sf_lr005_100ep_3way_s43n,60,42.3653,72.2506,83.8807,66.2741,,15.4
r10_smoke2sf_lr005_100ep_3way_s43n,80,43.5407,72.9924,83.0943,68.4048,,15.2
r10_smoke2sf_lr005_100ep_3way_s44n,0,17.4128,33.5759,88.0925,29.9095,,15.6
r10_smoke2sf_lr005_100ep_3way_s44n,20,35.2072,64.1651,75.6808,58.9109,,15.0
r10_smoke2sf_lr005_100ep_3way_s44n,40,41.1067,72.0050,82.7521,65.4773,,15.4
r10_smoke2sf_lr005_100ep_3way_s44n,60,42.9169,73.0767,82.9729,68.0386,,15.1
r10_smoke2sf_lr005_100ep_3way_s44n,80,43.3107,72.8237,85.0816,67.5847,,14.9
r10_smoke2sf_lr005_100ep_3way_s45n,0,15.7570,32.5969,88.2569,28.7281,,15.6
r10_smoke2sf_lr005_100ep_3way_s45n,20,37.3637,67.2478,77.7850,61.1637,,15.3
r10_smoke2sf_lr005_100ep_3way_s45n,40,41.0802,70.8673,79.7296,67.2522,,15.3
r10_smoke2sf_lr005_100ep_3way_s45n,60,42.1240,72.1372,85.4008,66.4952,,15.2
r10_smoke2sf_lr005_100ep_3way_s45n,80,43.0814,72.5957,83.9061,68.5713,,15.2
r10_smoke2sf_lr005_100ep_3way_s46n,0,15.9218,33.1654,87.7518,29.2374,,15.5
r10_smoke2sf_lr005_100ep_3way_s46n,20,38.1165,68.2531,78.6713,63.0005,,15.1
r10_smoke2sf_lr005_100ep_3way_s46n,40,41.6191,72.0049,82.7934,66.0198,,15.5
r10_smoke2sf_lr005_100ep_3way_s46n,60,43.0782,72.3885,83.0093,67.3060,,15.4
r10_smoke2sf_lr005_100ep_3way_s46n,80,43.6978,73.1666,82.8431,68.4000,,15.2
r10_smoke2sf_lr005_100ep_3way_s47n,0,15.9950,31.9447,84.8615,29.0606,,15.4
r10_smoke2sf_lr005_100ep_3way_s47n,20,37.3958,67.4694,78.7463,63.7589,,14.9
r10_smoke2sf_lr005_100ep_3way_s47n,40,40.6954,71.1545,82.3639,65.1926,,15.3
r10_smoke2sf_lr005_100ep_3way_s47n,60,42.7649,72.4448,82.7435,67.8883,,15.1
r10_smoke2sf_lr005_100ep_3way_s47n,80,43.1951,72.6636,83.1011,68.7993,,15.4
r10_smoke2sf_lr005_100ep_3way_s48n,0,14.5513,31.0450,86.5067,27.2071,,15.8
r10_smoke2sf_lr005_100ep_3way_s48n,20,35.0179,65.1325,76.8464,60.2169,,15.4
r10_smoke2sf_lr005_100ep_3way_s48n,40,40.0572,69.5133,78.5394,65.1587,,15.4
r10_smoke2sf_lr005_100ep_3way_s48n,60,43.3632,72.9255,83.9892,67.6444,,15.4
r10_smoke2sf_lr005_100ep_3way_s48n,80,43.6582,73.7424,83.8669,69.5403,,15.1
r10_smoke2sf_lr005_100ep_3way_s49n,0,15.0980,31.0280,86.3559,27.2565,,15.5
r10_smoke2sf_lr005_100ep_3way_s49n,20,36.6519,67.3826,81.5339,61.9558,,15.1
r10_smoke2sf_lr005_100ep_3way_s49n,40,41.5031,71.3004,81.3634,66.8320,,15.4
r10_smoke2sf_lr005_100ep_3way_s49n,60,42.0638,72.3217,80.9542,68.1474,,15.3
r10_smoke2sf_lr005_100ep_3way_s49n,80,43.1201,72.9409,82.0770,69.4071,,45.2
r10_smoke2sf_lr005_100ep_3way_s50n,0,14.8379,31.5962,87.0326,28.3248,,15.3
r10_smoke2sf_lr005_100ep_3way_s50n,20,38.6872,68.7294,80.0088,63.8502,,15.1
r10_smoke2sf_lr005_100ep_3way_s50n,40,41.2536,71.4288,82.5074,66.4911,,15.4
r10_smoke2sf_lr005_100ep_3way_s50n,60,42.2840,71.6137,83.3298,66.7002,,15.3
r10_smoke2sf_lr005_100ep_3way_s50n,80,43.7555,72.9304,84.0921,68.0686,,15.2
r10_smoke2sf_lr005_100ep_3way_s51n,0,17.4325,33.6305,40.5015,28.7487,,15.2
r10_smoke2sf_lr005_100ep_3way_s51n,20,35.5212,64.3783,77.9518,59.0166,,15.7
r10_smoke2sf_lr005_100ep_3way_s51n,40,41.0742,71.8062,82.3857,66.6045,,15.1
r10_smoke2sf_lr005_100ep_3way_s51n,60,43.0291,72.6065,83.2823,67.7339,,15.2
r10_smoke2sf_lr005_100ep_3way_s51n,80,44.0754,73.8596,82.8898,69.1791,,15.0
