run,cell,arm,seed,epochs,n_ckpt,v_final,v_max,v_max_ep,prem_val,t_final,t_best,prem_test_bl,prem_val_grid,prem_test_grid,oracle_test_gain,note
r10_aitod20_lr005_30ep_3way_s42n,aitod20,lr005_30ep,42,30,8,12.189,12.639,21,0.4499999999999993,9.8861,8.9908,-0.8953000000000007,0.4499999999999993,-0.8953000000000007,-0.8473000000000006,
r10_aitod20_lr005_30ep_3way_s43n,aitod20,lr005_30ep,43,30,8,11.446000000000002,11.787,25,0.3409999999999993,9.9873,9.5385,-0.44879999999999853,-0.3210000000000015,-0.7009999999999987,-0.7009999999999987,
r10_aitod20_lr005_30ep_3way_s44n,aitod20,lr005_30ep,44,30,8,11.952,11.952,30,0.0,9.9353,9.9353,0.0,-0.793000000000001,-0.5181000000000004,-0.5181000000000004,
r10_aitod20_lr005_30ep_3way_s45n,aitod20,lr005_30ep,45,30,8,11.347999999999999,11.724,1,0.3760000000000012,9.6739,8.4356,-1.2382999999999988,0.3760000000000012,-1.2382999999999988,-0.19960000000000022,
r10_aitod20_lr005_30ep_3way_s46n,aitod20,lr005_30ep,46,30,8,11.068,13.001999999999999,1,1.9339999999999993,9.6046,9.8851,0.28049999999999997,1.9339999999999993,0.28049999999999997,0.28049999999999997,
r10_aitod20_lr005_30ep_3way_s47n,aitod20,lr005_30ep,47,30,8,11.763,13.219,1,1.4559999999999995,10.0108,9.1279,-0.8828999999999994,1.4559999999999995,-0.8828999999999994,-0.7224000000000004,
r10_aitod20_lr005_30ep_3way_s48n,aitod20,lr005_30ep,48,30,8,10.938,11.766,1,0.8279999999999994,9.0089,9.0048,-0.004100000000001103,0.8279999999999994,-0.004100000000001103,-0.004100000000001103,
r10_aitod20_lr005_30ep_3way_s49n,aitod20,lr005_30ep,49,30,8,11.324,12.568999999999999,1,1.2449999999999992,9.8596,8.956,-0.9036000000000008,1.2449999999999992,-0.9036000000000008,-0.9036000000000008,
r10_aitod20_lr005_30ep_3way_s50n,aitod20,lr005_30ep,50,30,8,10.693,13.816,1,3.123000000000001,9.7461,9.2364,-0.5097000000000005,3.123000000000001,-0.5097000000000005,-0.2362000000000002,
r10_aitod20_lr005_30ep_3way_s51n,aitod20,lr005_30ep,51,30,8,11.375,12.731,1,1.3559999999999999,9.9931,9.163,-0.8300999999999998,1.3559999999999999,-0.8300999999999998,-0.6013000000000002,
r10_p_aitovis_base100_3way_s42n,p_aitovis,base100,42,100,22,10.934000000000001,11.277,90,0.3429999999999982,9.7164,10.0083,0.29190000000000005,0.33199999999999896,0.3027999999999995,0.35519999999999996,
r10_p_aitovis_base100_3way_s43n,p_aitovis,base100,43,100,22,10.626,11.224,87,0.5980000000000008,9.7798,10.118,0.3382000000000005,0.5690000000000008,0.23930000000000007,0.3622999999999994,
r10_p_aitovis_base100_3way_s44n,p_aitovis,base100,44,100,22,10.777000000000001,11.184,90,0.40699999999999825,9.8198,10.1173,0.29749999999999943,0.33699999999999974,0.21919999999999895,0.28669999999999973,
r10_p_aitovis_base100_3way_s45n,p_aitovis,base100,45,100,22,10.757,11.365,90,0.6080000000000005,9.8812,10.2766,0.3954000000000004,0.38200000000000145,0.3429000000000002,0.3429000000000002,
r10_p_aitovis_base100_3way_s46n,p_aitovis,base100,46,100,22,10.902000000000001,11.269,76,0.3669999999999991,9.8686,10.3578,0.4891999999999985,0.3669999999999991,0.4891999999999985,0.4891999999999985,
r10_p_aitovis_base100_3way_s47n,p_aitovis,base100,47,100,22,10.793999999999999,11.25,87,0.4560000000000013,9.8601,10.2032,0.3431000000000015,0.3450000000000024,0.3247,0.3581000000000003,
r10_p_aitovis_base100_3way_s48n,p_aitovis,base100,48,100,22,10.747,11.253,76,0.5060000000000002,9.8349,10.2056,0.37070000000000114,0.5060000000000002,0.37070000000000114,0.37070000000000114,
r10_p_aitovis_base100_3way_s49n,p_aitovis,base100,49,100,22,10.791,11.129999999999999,87,0.33899999999999864,9.9156,10.1655,0.24990000000000023,0.2179999999999982,0.37040000000000006,0.37040000000000006,
r10_p_aitovis_base100_3way_s50n,p_aitovis,base100,50,100,22,10.831,11.232000000000001,90,0.4010000000000016,9.8516,10.2397,0.38809999999999967,0.37900000000000134,0.3033999999999999,0.3033999999999999,
r10_p_aitovis_base100_3way_s51n,p_aitovis,base100,51,100,22,10.891,11.241,90,0.34999999999999964,9.9867,10.3949,0.408199999999999,0.23399999999999999,0.24659999999999904,0.29129999999999967,
r10_p_aitovis_lr005_100ep_3way_s42n,p_aitovis,lr005_100ep,42,100,22,12.47,12.887,77,0.4169999999999998,10.1716,10.4911,0.3194999999999997,0.0909999999999993,0.13390000000000057,0.21600000000000108,
r10_p_aitovis_lr005_100ep_3way_s43n,p_aitovis,lr005_100ep,43,100,22,12.288,12.443,76,0.15499999999999936,10.188,10.4936,0.3056000000000001,0.15499999999999936,0.3056000000000001,0.3056000000000001,
r10_p_aitovis_lr005_100ep_3way_s44n,p_aitovis,lr005_100ep,44,100,22,12.45,12.666,80,0.21600000000000108,10.2511,10.2413,-0.009799999999998477,0.14200000000000124,-0.07069999999999865,0.17290000000000028,
r10_p_aitovis_lr005_100ep_3way_s45n,p_aitovis,lr005_100ep,45,100,22,12.452,12.911,90,0.45899999999999963,10.0574,10.3277,0.27030000000000065,0.2710000000000008,0.08510000000000062,0.31290000000000084,
r10_p_aitovis_lr005_100ep_3way_s46n,p_aitovis,lr005_100ep,46,100,22,12.182,12.495000000000001,66,0.3130000000000006,10.0091,10.3167,0.30760000000000076,0.3130000000000006,0.30760000000000076,0.4263999999999992,
r10_p_aitovis_lr005_100ep_3way_s47n,p_aitovis,lr005_100ep,47,100,22,12.24,12.586,77,0.3460000000000001,10.2362,10.5794,0.3431999999999995,0.03200000000000003,-0.14540000000000042,0.24739999999999895,
r10_p_aitovis_lr005_100ep_3way_s48n,p_aitovis,lr005_100ep,48,100,22,12.554000000000002,12.592,82,0.03799999999999848,10.0436,10.2645,0.22090000000000032,0.007999999999999119,0.36350000000000016,0.36350000000000016,
r10_p_aitovis_lr005_100ep_3way_s49n,p_aitovis,lr005_100ep,49,100,22,12.446,12.764000000000001,84,0.3180000000000014,10.1635,10.4585,0.29499999999999993,0.10400000000000098,0.40779999999999994,0.40779999999999994,
r10_p_aitovis_lr005_100ep_3way_s50n,p_aitovis,lr005_100ep,50,100,22,12.546,12.770999999999999,90,0.22499999999999964,9.9842,10.3747,0.3905000000000012,0.041999999999999815,0.25009999999999977,0.48900000000000077,
r10_p_aitovis_lr005_100ep_3way_s51n,p_aitovis,lr005_100ep,51,100,22,12.253,12.446,83,0.19299999999999962,10.0813,10.4175,0.33619999999999983,0.1120000000000001,0.1600999999999999,0.38759999999999906,
r10_p_vistod15_base100_3way_s42n,p_vistod15,base100,42,100,22,15.649,16.786,90,1.1370000000000022,10.8609,11.4476,0.5866999999999987,0.947000000000001,0.5676999999999985,0.5676999999999985,
r10_p_vistod15_base100_3way_s43n,p_vistod15,base100,43,100,22,15.223,16.516000000000002,90,1.293000000000001,11.1548,11.6822,0.5274000000000001,1.1009999999999973,0.507200000000001,0.507200000000001,
r10_p_vistod15_base100_3way_s44n,p_vistod15,base100,44,100,22,15.978,16.865,84,0.8869999999999987,10.9612,11.4446,0.4833999999999996,0.8050000000000015,0.47189999999999976,0.47189999999999976,
r10_p_vistod15_base100_3way_s45n,p_vistod15,base100,45,100,22,16.612,17.571,88,0.9590000000000032,11.0863,11.6057,0.519400000000001,0.9359999999999999,0.5029000000000003,0.5029000000000003,
r10_p_vistod15_base100_3way_s46n,p_vistod15,base100,46,100,22,16.073999999999998,17.326,88,1.2520000000000024,11.2216,11.9093,0.6876999999999995,1.078000000000003,0.5161999999999995,0.6466999999999992,
r10_p_vistod15_base100_3way_s47n,p_vistod15,base100,47,100,22,15.018999999999998,16.064,87,1.0450000000000017,10.8909,11.6943,0.8033999999999999,0.9760000000000026,0.5499999999999989,0.7096,
r10_p_vistod15_base100_3way_s48n,p_vistod15,base100,48,100,22,15.909,16.819,87,0.9099999999999984,11.0192,11.6108,0.5915999999999997,0.655999999999997,0.33110000000000106,0.46530000000000094,
r10_p_vistod15_base100_3way_s49n,p_vistod15,base100,49,100,22,16.499,17.268,91,0.7690000000000019,10.8396,11.5625,0.7228999999999992,0.7690000000000019,0.7228999999999992,0.7228999999999992,
r10_p_vistod15_base100_3way_s50n,p_vistod15,base100,50,100,22,16.237,17.596,83,1.3590000000000018,11.2151,11.8676,0.6524999999999999,1.189,0.6817000000000011,0.6817000000000011,
r10_p_vistod15_base100_3way_s51n,p_vistod15,base100,51,100,22,15.622,16.807,86,1.1849999999999987,11.0002,11.4385,0.4382999999999999,1.1849999999999987,0.4382999999999999,0.4812000000000012,
r10_p_vistod15_lr005_100ep_3way_s42n,p_vistod15,lr005_100ep,42,100,22,22.203,23.657,90,1.4540000000000006,14.7891,15.1877,0.39860000000000007,1.3490000000000002,0.15549999999999997,0.5231000000000012,
r10_p_vistod15_lr005_100ep_3way_s43n,p_vistod15,lr005_100ep,43,100,22,24.218999999999998,24.674,88,0.45500000000000185,14.8979,15.2771,0.37920000000000087,0.26000000000000156,0.16719999999999935,0.16719999999999935,
r10_p_vistod15_lr005_100ep_3way_s44n,p_vistod15,lr005_100ep,44,100,22,22.978,23.716,85,0.7379999999999995,14.984,15.2377,0.25370000000000026,0.6490000000000009,0.2477999999999998,0.2992000000000008,
r10_p_vistod15_lr005_100ep_3way_s45n,p_vistod15,lr005_100ep,45,100,22,23.29,24.069,85,0.7789999999999999,15.1957,15.285,0.08929999999999971,0.6280000000000001,-0.11180000000000057,0.0475999999999992,
r10_p_vistod15_lr005_100ep_3way_s46n,p_vistod15,lr005_100ep,46,100,22,22.689999999999998,24.034,84,1.3440000000000012,14.9405,15.1496,0.2090999999999994,0.823000000000004,0.3930000000000007,0.3930000000000007,
r10_p_vistod15_lr005_100ep_3way_s47n,p_vistod15,lr005_100ep,47,100,22,22.234,23.34,91,1.105999999999998,14.9684,15.5176,0.549199999999999,1.105999999999998,0.549199999999999,0.549199999999999,
r10_p_vistod15_lr005_100ep_3way_s48n,p_vistod15,lr005_100ep,48,100,22,22.417,24.041,90,1.6239999999999988,15.2082,15.8811,0.6729000000000003,1.4989999999999988,0.47440000000000104,0.47440000000000104,
r10_p_vistod15_lr005_100ep_3way_s49n,p_vistod15,lr005_100ep,49,100,22,23.669,24.296,83,0.6269999999999989,14.9099,15.0004,0.09050000000000047,0.5509999999999984,0.44369999999999976,0.44369999999999976,
r10_p_vistod15_lr005_100ep_3way_s50n,p_vistod15,lr005_100ep,50,100,22,22.421,23.818,78,1.397000000000002,14.9342,15.0943,0.1600999999999999,1.004999999999999,0.3891999999999989,0.3891999999999989,
r10_p_vistod15_lr005_100ep_3way_s51n,p_vistod15,lr005_100ep,51,100,22,23.425,23.623,83,0.1980000000000004,15.1348,15.1365,0.0016999999999995907,-0.23400000000000176,0.1335999999999995,0.1335999999999995,
r10_d15d15_base30_3way_s42n,d15d15,base30,42,30,8,28.447,30.721999999999998,1,2.2749999999999986,14.726,15.2343,0.5082999999999984,2.2749999999999986,0.5082999999999984,0.5082999999999984,
r10_d15d15_base30_3way_s43n,d15d15,base30,43,30,8,28.164,30.621,1,2.456999999999997,14.828,15.1764,0.3483999999999998,2.456999999999997,0.3483999999999998,0.3752000000000013,
r10_d15d15_base30_3way_s44n,d15d15,base30,44,30,8,28.733999999999998,30.378,1,1.644000000000002,14.8737,15.103,0.22930000000000028,1.644000000000002,0.22930000000000028,0.22930000000000028,
r10_d15d15_base30_3way_s45n,d15d15,base30,45,30,8,28.337,30.785,1,2.4480000000000004,14.8721,15.347,0.4748999999999999,2.4480000000000004,0.4748999999999999,0.4748999999999999,
r10_d15d15_base30_3way_s46n,d15d15,base30,46,30,8,28.413,30.442999999999998,1,2.0299999999999976,14.7253,15.1538,0.42849999999999966,2.0299999999999976,0.42849999999999966,0.42849999999999966,
r10_d15d15_base30_3way_s47n,d15d15,base30,47,30,8,28.906,30.413,1,1.5070000000000014,15.0696,15.0588,-0.010799999999999699,1.5070000000000014,-0.010799999999999699,0.2889999999999997,
r10_d15d15_base30_3way_s48n,d15d15,base30,48,30,8,28.588,30.457,1,1.8689999999999998,14.8597,15.2016,0.341899999999999,1.8689999999999998,0.341899999999999,0.341899999999999,
r10_d15d15_base30_3way_s49n,d15d15,base30,49,30,8,28.933999999999997,30.659999999999997,1,1.725999999999999,15.0189,15.2154,0.19650000000000034,1.725999999999999,0.19650000000000034,0.23449999999999882,
r10_d15d15_base30_3way_s50n,d15d15,base30,50,30,8,28.616000000000003,30.653000000000002,1,2.036999999999999,14.9062,15.4669,0.5607000000000006,2.036999999999999,0.5607000000000006,0.5607000000000006,
r10_d15d15_base30_3way_s51n,d15d15,base30,51,30,8,28.821,30.456,1,1.634999999999998,14.9417,15.1845,0.24279999999999902,1.634999999999998,0.24279999999999902,0.24279999999999902,
r10_d15d15_lr005_30ep_3way_s42n,d15d15,lr005_30ep,42,30,8,28.921999999999997,29.071,1,0.14900000000000446,15.7067,14.2547,-1.452,0.14900000000000446,-1.452,-0.5936000000000003,
r10_d15d15_lr005_30ep_3way_s43n,d15d15,lr005_30ep,43,30,8,28.931,28.931,30,0.0,15.5691,15.5691,0.0,-0.5330000000000013,-0.8337000000000003,-0.40690000000000026,
r10_d15d15_lr005_30ep_3way_s44n,d15d15,lr005_30ep,44,30,8,27.389999999999997,29.265,1,1.8750000000000036,15.2994,15.0704,-0.22900000000000098,1.8750000000000036,-0.22900000000000098,-0.22900000000000098,
r10_d15d15_lr005_30ep_3way_s45n,d15d15,lr005_30ep,45,30,8,28.612,29.063,1,0.4510000000000005,15.339,14.1815,-1.1575000000000006,0.4510000000000005,-1.1575000000000006,-0.872300000000001,
r10_d15d15_lr005_30ep_3way_s46n,d15d15,lr005_30ep,46,30,8,28.624,28.624,30,0.0,15.3516,15.3516,0.0,-1.0859999999999985,-1.1067999999999998,-0.9132999999999996,
r10_d15d15_lr005_30ep_3way_s47n,d15d15,lr005_30ep,47,30,8,28.711,28.772,25,0.06099999999999994,15.458,15.2386,-0.21940000000000026,-0.0799999999999983,-0.32980000000000054,-0.32980000000000054,
r10_d15d15_lr005_30ep_3way_s48n,d15d15,lr005_30ep,48,30,8,29.247,29.409999999999997,29,0.1629999999999967,15.5332,15.6459,0.11269999999999847,-1.1249999999999964,-0.8587000000000007,-0.4981000000000009,
r10_d15d15_lr005_30ep_3way_s49n,d15d15,lr005_30ep,49,30,8,29.54,29.54,30,0.0,15.4898,15.4898,0.0,-0.010999999999999233,-1.1580000000000013,-0.6877000000000013,
r10_d15d15_lr005_30ep_3way_s50n,d15d15,lr005_30ep,50,30,8,28.963,28.963,30,0.0,15.6322,15.6322,0.0,-0.6120000000000019,-1.2988,-0.7273999999999994,
r10_d15d15_lr005_30ep_3way_s51n,d15d15,lr005_30ep,51,30,8,28.673,28.673,30,0.0,15.4004,15.4004,0.0,-0.1959999999999944,-0.14389999999999858,-0.14389999999999858,
r10_dota_base30_3way_s42n,dota,base30,42,30,8,29.055999999999997,30.37,1,1.3140000000000036,16.8505,17.084,0.23349999999999937,1.3140000000000036,0.23349999999999937,0.24849999999999994,
r10_dota_base30_3way_s43n,dota,base30,43,30,8,29.069,30.165,9,1.096,16.6422,17.0378,0.39560000000000173,0.8299999999999983,0.5457000000000001,0.5457000000000001,
r10_dota_base30_3way_s44n,dota,base30,44,30,8,29.244999999999997,30.447999999999997,18,1.2029999999999994,16.7635,17.384,0.6204999999999998,0.8110000000000035,0.2818000000000005,0.43870000000000076,
r10_dota_base30_3way_s45n,dota,base30,45,30,8,29.307,30.919999999999998,20,1.6129999999999995,16.8247,17.5328,0.7081000000000017,1.0670000000000037,0.04410000000000025,0.18230000000000146,
r10_dota_base30_3way_s46n,dota,base30,46,30,8,28.849999999999998,30.035,16,1.1850000000000023,16.7386,16.7381,-0.0005000000000023874,1.1850000000000023,-0.0005000000000023874,0.12839999999999918,
r10_dota_base30_3way_s47n,dota,base30,47,30,8,29.352,30.394,17,1.041999999999998,16.9626,17.2794,0.31680000000000064,1.0090000000000003,0.4211000000000027,0.4211000000000027,
r10_dota_base30_3way_s48n,dota,base30,48,30,8,29.160000000000004,30.182,21,1.021999999999995,16.753,17.2676,0.5146000000000015,1.021999999999995,0.5146000000000015,0.5146000000000015,
r10_dota_base30_3way_s49n,dota,base30,49,30,8,28.813,30.270000000000003,1,1.4570000000000043,16.692,16.9051,0.21310000000000073,1.4570000000000043,0.21310000000000073,0.5075000000000003,
r10_dota_base30_3way_s50n,dota,base30,50,30,8,29.159000000000002,30.714999999999996,1,1.5559999999999938,16.8569,17.1576,0.3006999999999991,1.5559999999999938,0.3006999999999991,0.43189999999999884,
r10_dota_base30_3way_s51n,dota,base30,51,30,8,29.086000000000002,30.308,19,1.2219999999999978,16.9092,16.9465,0.03730000000000189,1.0120000000000005,-0.03779999999999717,0.37460000000000093,
r10_dota_lr005_30ep_3way_s42n,dota,lr005_30ep,42,30,8,28.166999999999998,29.579,1,1.4120000000000026,17.3015,15.9356,-1.3659,1.4120000000000026,-1.3659,-0.6367000000000012,
r10_dota_lr005_30ep_3way_s43n,dota,lr005_30ep,43,30,8,27.900999999999996,28.393,23,0.49200000000000443,16.4977,16.621,0.12330000000000041,0.21300000000000452,-0.12399999999999878,-0.10769999999999769,
r10_dota_lr005_30ep_3way_s44n,dota,lr005_30ep,44,30,8,29.059,29.157,1,0.09799999999999898,17.1765,16.1452,-1.0313000000000017,0.09799999999999898,-1.0313000000000017,-1.0313000000000017,
r10_dota_lr005_30ep_3way_s45n,dota,lr005_30ep,45,30,8,28.733999999999998,29.292,1,0.5580000000000034,16.9965,15.6695,-1.3270000000000017,0.5580000000000034,-1.3270000000000017,-1.0657000000000014,
r10_dota_lr005_30ep_3way_s46n,dota,lr005_30ep,46,30,8,28.272000000000002,28.701,24,0.4289999999999985,16.8477,16.7661,-0.08159999999999812,-0.33399999999999963,-0.7259999999999991,-0.7259999999999991,
r10_dota_lr005_30ep_3way_s47n,dota,lr005_30ep,47,30,8,28.435,28.884999999999998,1,0.4499999999999993,17.2003,16.1589,-1.0413999999999994,0.4499999999999993,-1.0413999999999994,-0.718,
r10_dota_lr005_30ep_3way_s48n,dota,lr005_30ep,48,30,8,28.78,28.78,30,0.0,17.0396,17.0396,0.0,-0.791999999999998,-0.8200000000000003,-0.8200000000000003,
r10_dota_lr005_30ep_3way_s49n,dota,lr005_30ep,49,30,8,28.715000000000003,29.243999999999996,1,0.5289999999999928,17.354,16.0433,-1.3107000000000006,0.5289999999999928,-1.3107000000000006,-0.4140999999999977,
r10_dota_lr005_30ep_3way_s50n,dota,lr005_30ep,50,30,8,27.860000000000003,28.918,1,1.0579999999999963,17.2386,15.7324,-1.5062000000000015,1.0579999999999963,-1.5062000000000015,-0.9399000000000015,
r10_dota_lr005_30ep_3way_s51n,dota,lr005_30ep,51,30,8,28.185,28.625,21,0.4400000000000013,17.2876,16.7203,-0.5672999999999995,0.4400000000000013,-0.5672999999999995,-0.5672999999999995,
r10_fire_base30_3way_s42n,fire,base30,42,30,8,47.326,60.512,1,13.186,36.8383,39.7522,2.9139000000000053,13.186,2.9139000000000053,2.9139000000000053,
r10_fire_base30_3way_s43n,fire,base30,43,30,8,52.94,59.885999999999996,1,6.945999999999998,37.1261,39.1364,2.010300000000001,6.945999999999998,2.010300000000001,2.010300000000001,
r10_fire_base30_3way_s44n,fire,base30,44,30,8,49.297000000000004,62.022999999999996,1,12.725999999999992,36.3187,39.8551,3.5364000000000004,12.725999999999992,3.5364000000000004,3.5364000000000004,
r10_fire_lr005_30ep_3way_s42n,fire,lr005_30ep,42,30,8,31.723000000000003,43.980999999999995,1,12.257999999999992,35.7516,36.3915,0.6398999999999972,12.257999999999992,0.6398999999999972,0.6398999999999972,
r10_fire_lr005_30ep_3way_s43n,fire,lr005_30ep,43,30,8,35.79,35.79,30,0.0,35.0768,35.0768,0.0,-1.4840000000000018,-6.248099999999997,-0.3263999999999996,
r10_fire_lr005_30ep_3way_s44n,fire,lr005_30ep,44,30,8,34.166000000000004,48.516,1,14.349999999999994,35.5562,34.1236,-1.4325999999999937,14.349999999999994,-1.4325999999999937,-0.08520000000000039,
r10_mask20_base30_3way_s42n,mask20,base30,42,30,8,16.979,31.101,1,14.122,64.9907,65.7726,0.7818999999999932,14.122,0.7818999999999932,1.5521999999999991,
r10_mask20_base30_3way_s43n,mask20,base30,43,30,8,21.746,34.216,4,12.470000000000002,65.1367,65.6131,0.47639999999999816,8.146999999999998,1.1114999999999924,1.1114999999999924,
r10_mask20_base30_3way_s44n,mask20,base30,44,30,8,15.501000000000001,37.123,3,21.621999999999996,64.9415,64.6587,-0.2828000000000088,14.684000000000001,2.5268999999999977,2.5268999999999977,
r10_mask20_lr005_30ep_3way_s42n,mask20,lr005_30ep,42,30,8,3.05,27.372999999999998,1,24.322999999999997,63.7693,63.5863,-0.18299999999999983,24.322999999999997,-0.18299999999999983,-0.18299999999999983,
r10_mask20_lr005_30ep_3way_s43n,mask20,lr005_30ep,43,30,8,1.667,38.088,1,36.421,63.9542,65.3872,1.433000000000007,36.421,1.433000000000007,1.433000000000007,
r10_mask20_lr005_30ep_3way_s44n,mask20,lr005_30ep,44,30,8,2.155,28.926000000000002,1,26.771,64.1863,64.2714,0.08509999999999707,26.771,0.08509999999999707,0.08509999999999707,
r10_mende20_base30_3way_s42n,mende20,base30,42,30,8,68.061,73.166,1,5.10499999999999,69.019,73.3551,4.336099999999988,5.10499999999999,4.336099999999988,4.336099999999988,
r10_mende20_base30_3way_s43n,mende20,base30,43,30,8,68.804,73.553,1,4.748999999999995,70.4497,73.0717,2.622,4.748999999999995,2.622,2.622,
r10_mende20_base30_3way_s44n,mende20,base30,44,30,8,68.855,73.485,2,4.6299999999999955,69.9264,72.7981,2.871700000000004,3.7849999999999966,2.1996000000000038,2.1996000000000038,
r10_mende20_lr005_30ep_3way_s42n,mende20,lr005_30ep,42,30,8,63.058,71.206,1,8.148000000000003,68.915,72.5684,3.6533999999999907,8.148000000000003,3.6533999999999907,3.6533999999999907,
r10_mende20_lr005_30ep_3way_s43n,mende20,lr005_30ep,43,30,8,60.846000000000004,66.35,1,5.503999999999991,68.6563,69.9061,1.2497999999999934,5.503999999999991,1.2497999999999934,1.2497999999999934,
r10_mende20_lr005_30ep_3way_s44n,mende20,lr005_30ep,44,30,8,63.129000000000005,66.522,1,3.3930000000000007,68.4074,68.0396,-0.36780000000000257,3.3930000000000007,-0.36780000000000257,0.5478000000000094,
r10_p_d15toai_base100_3way_s42n,p_d15toai,base100,42,100,22,12.681000000000001,12.740000000000002,99,0.05900000000000105,9.7566,9.7806,0.023999999999999133,-0.22600000000000087,-0.027800000000000935,0.010799999999999699,
r10_p_d15toai_base100_3way_s43n,p_d15toai,base100,43,100,22,12.385,12.943,79,0.5579999999999998,9.6614,9.774,0.1125999999999987,0.07600000000000051,-0.06840000000000046,0.129999999999999,
r10_p_d15toai_base100_3way_s44n,p_d15toai,base100,44,100,22,11.946,12.793,58,0.8469999999999995,9.8075,9.2081,-0.5993999999999993,0.4380000000000006,0.000600000000000378,0.11040000000000028,
r10_p_d15toai_lr005_100ep_3way_s42n,p_d15toai,lr005_100ep,42,100,22,10.407,10.637,90,0.23000000000000043,9.7069,9.641,-0.06589999999999918,0.04499999999999993,0.0359000000000016,0.06610000000000049,
r10_p_d15toai_lr005_100ep_3way_s43n,p_d15toai,lr005_100ep,43,100,22,12.379999999999999,12.847,75,0.4670000000000005,10.1257,9.8025,-0.32319999999999993,-0.08300000000000018,-0.13780000000000037,-0.12299999999999933,
r10_p_d15toai_lr005_100ep_3way_s44n,p_d15toai,lr005_100ep,44,100,22,12.982,13.459999999999999,90,0.47799999999999976,10.2495,10.1299,-0.11960000000000015,0.24200000000000088,-0.13069999999999915,-0.06579999999999941,
r10_p_masktomende_base100_3way_s42n,p_masktomende,base100,42,100,22,58.031,60.267,27,2.236000000000004,67.1183,68.1361,1.017799999999994,1.9269999999999996,2.862099999999998,2.862099999999998,
r10_p_masktomende_base100_3way_s43n,p_masktomende,base100,43,100,22,57.528999999999996,60.251,27,2.7220000000000013,67.447,69.385,1.9380000000000024,1.3670000000000044,1.752299999999991,3.2801999999999936,
r10_p_masktomende_base100_3way_s44n,p_masktomende,base100,44,100,22,58.523,60.568999999999996,27,2.0459999999999923,67.4516,70.5605,3.1089000000000055,1.7209999999999965,2.8153000000000077,3.6113,
r10_p_masktomende_lr005_100ep_3way_s42n,p_masktomende,lr005_100ep,42,100,22,57.741,59.358999999999995,59,1.617999999999995,67.0355,66.5206,-0.5148999999999972,1.4959999999999951,0.7408000000000072,0.840999999999994,
r10_p_masktomende_lr005_100ep_3way_s43n,p_masktomende,lr005_100ep,43,100,22,59.666,61.025,88,1.3590000000000018,67.5346,68.0885,0.5538999999999987,0.6970000000000027,1.1765000000000043,1.1765000000000043,
r10_p_masktomende_lr005_100ep_3way_s44n,p_masktomende,lr005_100ep,44,100,22,59.874,60.922,45,1.0479999999999947,66.777,66.3064,-0.47060000000000457,0.06299999999999528,-0.43139999999999645,0.6616999999999962,
r10_vis_base30_3way_s42n,vis,base30,42,30,8,13.761000000000001,14.241000000000001,2,0.4800000000000004,11.2923,11.7697,0.47740000000000116,0.06599999999999895,0.14270000000000138,0.19100000000000072,
r10_vis_base30_3way_s43n,vis,base30,43,30,8,13.709,14.166,7,0.45700000000000074,11.3326,11.4913,0.1587000000000014,0.33200000000000074,0.19540000000000113,0.19540000000000113,
r10_vis_base30_3way_s44n,vis,base30,44,30,8,13.764999999999999,14.157,2,0.39200000000000124,11.258,11.6529,0.3949000000000016,0.10100000000000087,0.19980000000000153,0.20450000000000124,
r10_vis_base30_3way_s45n,vis,base30,45,30,8,13.686000000000002,14.054,2,0.36799999999999855,11.4051,11.7391,0.3340000000000014,0.264999999999997,0.3252000000000006,0.3252000000000006,
r10_vis_base30_3way_s46n,vis,base30,46,30,8,13.703000000000001,14.484,2,0.7809999999999988,11.3441,11.8363,0.4922000000000004,0.42799999999999727,0.3179000000000016,0.3179000000000016,
r10_vis_base30_3way_s47n,vis,base30,47,30,8,13.761000000000001,14.31,2,0.5489999999999995,11.2959,11.7417,0.4458000000000002,0.17099999999999937,0.19030000000000058,0.25790000000000113,
r10_vis_base30_3way_s48n,vis,base30,48,30,8,13.735,14.354,2,0.6189999999999998,11.3629,11.7667,0.4038000000000004,0.31700000000000195,0.23639999999999972,0.23639999999999972,
r10_vis_base30_3way_s49n,vis,base30,49,30,8,13.752,14.268,1,0.516,11.2065,11.6322,0.4256999999999991,0.516,0.4256999999999991,0.4256999999999991,
r10_vis_base30_3way_s50n,vis,base30,50,30,8,13.735,14.030000000000001,1,0.2950000000000017,11.4348,11.5552,0.12040000000000006,0.2950000000000017,0.12040000000000006,0.12040000000000006,
r10_vis_base30_3way_s51n,vis,base30,51,30,8,13.671,14.058000000000002,2,0.38700000000000223,11.2923,11.6215,0.32920000000000016,0.04100000000000037,0.1728000000000005,0.1728000000000005,
r10_vis_lr005_30ep_3way_s42n,vis,lr005_30ep,42,30,8,13.258000000000001,13.780000000000001,1,0.5220000000000002,11.1487,11.2038,0.05509999999999948,0.5220000000000002,0.05509999999999948,0.05509999999999948,
r10_vis_lr005_30ep_3way_s43n,vis,lr005_30ep,43,30,8,13.178999999999998,13.309000000000001,1,0.13000000000000256,11.0482,11.1948,0.14660000000000117,0.13000000000000256,0.14660000000000117,0.14660000000000117,
r10_vis_lr005_30ep_3way_s44n,vis,lr005_30ep,44,30,8,13.072000000000001,13.088,29,0.015999999999998238,10.8052,10.6448,-0.1603999999999992,-0.11599999999999966,-0.03449999999999953,-0.004199999999999093,
r10_vis_lr005_30ep_3way_s45n,vis,lr005_30ep,45,30,8,12.964999999999998,12.964999999999998,30,0.0,10.8716,10.8716,0.0,-0.15499999999999936,-0.1850000000000005,-0.1850000000000005,
r10_vis_lr005_30ep_3way_s46n,vis,lr005_30ep,46,30,8,13.102,13.452,1,0.34999999999999964,10.9181,11.2846,0.3664999999999985,0.34999999999999964,0.3664999999999985,0.3664999999999985,
r10_vis_lr005_30ep_3way_s47n,vis,lr005_30ep,47,30,8,13.104,13.104,30,0.0,10.9812,10.9812,0.0,-0.1949999999999985,-0.3597999999999999,-0.3597999999999999,
r10_vis_lr005_30ep_3way_s48n,vis,lr005_30ep,48,30,8,13.123999999999999,13.665,1,0.5410000000000004,11.087,10.7952,-0.2918000000000003,0.5410000000000004,-0.2918000000000003,-0.20919999999999916,
r10_vis_lr005_30ep_3way_s49n,vis,lr005_30ep,49,30,8,13.211999999999998,13.211999999999998,30,0.0,11.0622,11.0622,0.0,-0.22999999999999865,-0.46550000000000047,-0.4518000000000004,
r10_vis_lr005_30ep_3way_s50n,vis,lr005_30ep,50,30,8,13.028999999999998,13.267000000000001,1,0.2380000000000031,10.9656,10.5302,-0.43539999999999957,0.2380000000000031,-0.43539999999999957,-0.13370000000000104,
r10_vis_lr005_30ep_3way_s51n,vis,lr005_30ep,51,30,8,13.209000000000001,13.216,2,0.006999999999997897,10.8963,10.1484,-0.7478999999999996,-0.7000000000000011,-0.25629999999999953,-0.25629999999999953,
