cell,pair,run,seed,arm,quantity,value_pp,source_run,source_test
T1-a,dota15->aitod,t1a_d15toaitod_base100_s42n,42,base100,test_map50_95_pp,9.8700,D:\deepseek\analysis\A_results_20260914\runs\t1a_d15toaitod_base100_s42n\results.csv,D:\deepseek\analysis\A_results_20260916_t1d\sio_b_results.csv
T1-a,dota15->aitod,t1a_d15toaitod_base100_s42n,42,base100,premium_val_pp,0.1640,D:\deepseek\analysis\A_results_20260914\runs\t1a_d15toaitod_base100_s42n\results.csv,
T1-a,dota15->aitod,t1a_d15toaitod_base100_s42n,42,base100,premium_val_minus_test_pp,-9.7060,D:\deepseek\analysis\A_results_20260914\runs\t1a_d15toaitod_base100_s42n\results.csv,D:\deepseek\analysis\A_results_20260916_t1d\sio_b_results.csv
T1-a,dota15->aitod,t1a_d15toaitod_base100_s43n,43,base100,test_map50_95_pp,9.7500,D:\deepseek\analysis\A_results_20260914\runs\t1a_d15toaitod_base100_s43n\results.csv,D:\deepseek\analysis\A_results_20260916_t1d\sio_b_results.csv
T1-a,dota15->aitod,t1a_d15toaitod_base100_s43n,43,base100,premium_val_pp,0.2270,D:\deepseek\analysis\A_results_20260914\runs\t1a_d15toaitod_base100_s43n\results.csv,
T1-a,dota15->aitod,t1a_d15toaitod_base100_s43n,43,base100,premium_val_minus_test_pp,-9.5230,D:\deepseek\analysis\A_results_20260914\runs\t1a_d15toaitod_base100_s43n\results.csv,D:\deepseek\analysis\A_results_20260916_t1d\sio_b_results.csv
T1-a,dota15->aitod,t1a_d15toaitod_base100_s44n,44,base100,test_map50_95_pp,9.9200,D:\deepseek\analysis\A_results_20260914\runs\t1a_d15toaitod_base100_s44n\results.csv,D:\deepseek\analysis\A_results_20260916_t1d\sio_b_results.csv
T1-a,dota15->aitod,t1a_d15toaitod_base100_s44n,44,base100,premium_val_pp,0.0190,D:\deepseek\analysis\A_results_20260914\runs\t1a_d15toaitod_base100_s44n\results.csv,
T1-a,dota15->aitod,t1a_d15toaitod_base100_s44n,44,base100,premium_val_minus_test_pp,-9.9010,D:\deepseek\analysis\A_results_20260914\runs\t1a_d15toaitod_base100_s44n\results.csv,D:\deepseek\analysis\A_results_20260916_t1d\sio_b_results.csv
T1-a,dota15->aitod,t1a_d15toaitod_base100_s45n,45,base100,test_map50_95_pp,10.0100,D:\deepseek\analysis\A_results_20260914\runs\t1a_d15toaitod_base100_s45n\results.csv,D:\deepseek\analysis\A_results_20260916_t1d\sio_b_results.csv
T1-a,dota15->aitod,t1a_d15toaitod_base100_s45n,45,base100,premium_val_pp,0.0980,D:\deepseek\analysis\A_results_20260914\runs\t1a_d15toaitod_base100_s45n\results.csv,
T1-a,dota15->aitod,t1a_d15toaitod_base100_s45n,45,base100,premium_val_minus_test_pp,-9.9120,D:\deepseek\analysis\A_results_20260914\runs\t1a_d15toaitod_base100_s45n\results.csv,D:\deepseek\analysis\A_results_20260916_t1d\sio_b_results.csv
T1-a,dota15->aitod,t1a_d15toaitod_base100_s46n,46,base100,test_map50_95_pp,10.0200,D:\deepseek\analysis\A_results_20260914\runs\t1a_d15toaitod_base100_s46n\results.csv,D:\deepseek\analysis\A_results_20260916_t1d\sio_b_results.csv
T1-a,dota15->aitod,t1a_d15toaitod_base100_s46n,46,base100,premium_val_pp,0.2340,D:\deepseek\analysis\A_results_20260914\runs\t1a_d15toaitod_base100_s46n\results.csv,
T1-a,dota15->aitod,t1a_d15toaitod_base100_s46n,46,base100,premium_val_minus_test_pp,-9.7860,D:\deepseek\analysis\A_results_20260914\runs\t1a_d15toaitod_base100_s46n\results.csv,D:\deepseek\analysis\A_results_20260916_t1d\sio_b_results.csv
T1-a,dota15->aitod,t1a_d15toaitod_base100_s47n,47,base100,test_map50_95_pp,9.7700,D:\deepseek\analysis\A_results_20260914\runs\t1a_d15toaitod_base100_s47n\results.csv,D:\deepseek\analysis\A_results_20260916_t1d\sio_b_results.csv
T1-a,dota15->aitod,t1a_d15toaitod_base100_s47n,47,base100,premium_val_pp,0.2500,D:\deepseek\analysis\A_results_20260914\runs\t1a_d15toaitod_base100_s47n\results.csv,
T1-a,dota15->aitod,t1a_d15toaitod_base100_s47n,47,base100,premium_val_minus_test_pp,-9.5200,D:\deepseek\analysis\A_results_20260914\runs\t1a_d15toaitod_base100_s47n\results.csv,D:\deepseek\analysis\A_results_20260916_t1d\sio_b_results.csv
T1-a,dota15->aitod,t1a_d15toaitod_base100_s48n,48,base100,test_map50_95_pp,9.8700,D:\deepseek\analysis\A_results_20260914\runs\t1a_d15toaitod_base100_s48n\results.csv,D:\deepseek\analysis\A_results_20260916_t1d\sio_b_results.csv
T1-a,dota15->aitod,t1a_d15toaitod_base100_s48n,48,base100,premium_val_pp,0.0620,D:\deepseek\analysis\A_results_20260914\runs\t1a_d15toaitod_base100_s48n\results.csv,
T1-a,dota15->aitod,t1a_d15toaitod_base100_s48n,48,base100,premium_val_minus_test_pp,-9.8080,D:\deepseek\analysis\A_results_20260914\runs\t1a_d15toaitod_base100_s48n\results.csv,D:\deepseek\analysis\A_results_20260916_t1d\sio_b_results.csv
T1-a,dota15->aitod,t1a_d15toaitod_base100_s49n,49,base100,test_map50_95_pp,9.8900,D:\deepseek\analysis\A_results_20260914\runs\t1a_d15toaitod_base100_s49n\results.csv,D:\deepseek\analysis\A_results_20260916_t1d\sio_b_results.csv
T1-a,dota15->aitod,t1a_d15toaitod_base100_s49n,49,base100,premium_val_pp,0.1100,D:\deepseek\analysis\A_results_20260914\runs\t1a_d15toaitod_base100_s49n\results.csv,
T1-a,dota15->aitod,t1a_d15toaitod_base100_s49n,49,base100,premium_val_minus_test_pp,-9.7800,D:\deepseek\analysis\A_results_20260914\runs\t1a_d15toaitod_base100_s49n\results.csv,D:\deepseek\analysis\A_results_20260916_t1d\sio_b_results.csv
T1-a,dota15->aitod,t1a_d15toaitod_base100_s50n,50,base100,test_map50_95_pp,9.8600,D:\deepseek\analysis\A_results_20260914\runs\t1a_d15toaitod_base100_s50n\results.csv,D:\deepseek\analysis\A_results_20260916_t1d\sio_b_results.csv
T1-a,dota15->aitod,t1a_d15toaitod_base100_s50n,50,base100,premium_val_pp,0.0800,D:\deepseek\analysis\A_results_20260914\runs\t1a_d15toaitod_base100_s50n\results.csv,
T1-a,dota15->aitod,t1a_d15toaitod_base100_s50n,50,base100,premium_val_minus_test_pp,-9.7800,D:\deepseek\analysis\A_results_20260914\runs\t1a_d15toaitod_base100_s50n\results.csv,D:\deepseek\analysis\A_results_20260916_t1d\sio_b_results.csv
T1-a,dota15->aitod,t1a_d15toaitod_base100_s51n,51,base100,test_map50_95_pp,10.0000,D:\deepseek\analysis\A_results_20260914\runs\t1a_d15toaitod_base100_s51n\results.csv,D:\deepseek\analysis\A_results_20260916_t1d\sio_b_results.csv
T1-a,dota15->aitod,t1a_d15toaitod_base100_s51n,51,base100,premium_val_pp,0.1270,D:\deepseek\analysis\A_results_20260914\runs\t1a_d15toaitod_base100_s51n\results.csv,
T1-a,dota15->aitod,t1a_d15toaitod_base100_s51n,51,base100,premium_val_minus_test_pp,-9.8730,D:\deepseek\analysis\A_results_20260914\runs\t1a_d15toaitod_base100_s51n\results.csv,D:\deepseek\analysis\A_results_20260916_t1d\sio_b_results.csv
T1-a,dota15->aitod,t1a_d15toaitod_lr005_100ep_s42n,42,lr005_100ep,test_map50_95_pp,9.6900,D:\deepseek\analysis\A_results_20260914\runs\t1a_d15toaitod_lr005_100ep_s42n\results.csv,D:\deepseek\analysis\A_results_20260916_t1d\sio_b_results.csv
T1-a,dota15->aitod,t1a_d15toaitod_lr005_100ep_s42n,42,lr005_100ep,premium_val_pp,0.0890,D:\deepseek\analysis\A_results_20260914\runs\t1a_d15toaitod_lr005_100ep_s42n\results.csv,
T1-a,dota15->aitod,t1a_d15toaitod_lr005_100ep_s42n,42,lr005_100ep,premium_val_minus_test_pp,-9.6010,D:\deepseek\analysis\A_results_20260914\runs\t1a_d15toaitod_lr005_100ep_s42n\results.csv,D:\deepseek\analysis\A_results_20260916_t1d\sio_b_results.csv
T1-a,dota15->aitod,t1a_d15toaitod_lr005_100ep_s43n,43,lr005_100ep,test_map50_95_pp,10.3400,D:\deepseek\analysis\A_results_20260914\runs\t1a_d15toaitod_lr005_100ep_s43n\results.csv,D:\deepseek\analysis\A_results_20260916_t1d\sio_b_results.csv
T1-a,dota15->aitod,t1a_d15toaitod_lr005_100ep_s43n,43,lr005_100ep,premium_val_pp,0.1040,D:\deepseek\analysis\A_results_20260914\runs\t1a_d15toaitod_lr005_100ep_s43n\results.csv,
T1-a,dota15->aitod,t1a_d15toaitod_lr005_100ep_s43n,43,lr005_100ep,premium_val_minus_test_pp,-10.2360,D:\deepseek\analysis\A_results_20260914\runs\t1a_d15toaitod_lr005_100ep_s43n\results.csv,D:\deepseek\analysis\A_results_20260916_t1d\sio_b_results.csv
T1-a,dota15->aitod,t1a_d15toaitod_lr005_100ep_s44n,44,lr005_100ep,test_map50_95_pp,10.2500,D:\deepseek\analysis\A_results_20260914\runs\t1a_d15toaitod_lr005_100ep_s44n\results.csv,D:\deepseek\analysis\A_results_20260916_t1d\sio_b_results.csv
T1-a,dota15->aitod,t1a_d15toaitod_lr005_100ep_s44n,44,lr005_100ep,premium_val_pp,0.0220,D:\deepseek\analysis\A_results_20260914\runs\t1a_d15toaitod_lr005_100ep_s44n\results.csv,
T1-a,dota15->aitod,t1a_d15toaitod_lr005_100ep_s44n,44,lr005_100ep,premium_val_minus_test_pp,-10.2280,D:\deepseek\analysis\A_results_20260914\runs\t1a_d15toaitod_lr005_100ep_s44n\results.csv,D:\deepseek\analysis\A_results_20260916_t1d\sio_b_results.csv
T1-a,dota15->aitod,t1a_d15toaitod_lr005_100ep_s45n,45,lr005_100ep,test_map50_95_pp,10.1800,D:\deepseek\analysis\A_results_20260914\runs\t1a_d15toaitod_lr005_100ep_s45n\results.csv,D:\deepseek\analysis\A_results_20260916_t1d\sio_b_results.csv
T1-a,dota15->aitod,t1a_d15toaitod_lr005_100ep_s45n,45,lr005_100ep,premium_val_pp,0.0810,D:\deepseek\analysis\A_results_20260914\runs\t1a_d15toaitod_lr005_100ep_s45n\results.csv,
T1-a,dota15->aitod,t1a_d15toaitod_lr005_100ep_s45n,45,lr005_100ep,premium_val_minus_test_pp,-10.0990,D:\deepseek\analysis\A_results_20260914\runs\t1a_d15toaitod_lr005_100ep_s45n\results.csv,D:\deepseek\analysis\A_results_20260916_t1d\sio_b_results.csv
T1-a,dota15->aitod,t1a_d15toaitod_lr005_100ep_s46n,46,lr005_100ep,test_map50_95_pp,10.0100,D:\deepseek\analysis\A_results_20260914\runs\t1a_d15toaitod_lr005_100ep_s46n\results.csv,D:\deepseek\analysis\A_results_20260916_t1d\sio_b_results.csv
T1-a,dota15->aitod,t1a_d15toaitod_lr005_100ep_s46n,46,lr005_100ep,premium_val_pp,0.0410,D:\deepseek\analysis\A_results_20260914\runs\t1a_d15toaitod_lr005_100ep_s46n\results.csv,
T1-a,dota15->aitod,t1a_d15toaitod_lr005_100ep_s46n,46,lr005_100ep,premium_val_minus_test_pp,-9.9690,D:\deepseek\analysis\A_results_20260914\runs\t1a_d15toaitod_lr005_100ep_s46n\results.csv,D:\deepseek\analysis\A_results_20260916_t1d\sio_b_results.csv
T1-a,dota15->aitod,t1a_d15toaitod_lr005_100ep_s47n,47,lr005_100ep,test_map50_95_pp,10.1600,D:\deepseek\analysis\A_results_20260914\runs\t1a_d15toaitod_lr005_100ep_s47n\results.csv,D:\deepseek\analysis\A_results_20260916_t1d\sio_b_results.csv
T1-a,dota15->aitod,t1a_d15toaitod_lr005_100ep_s47n,47,lr005_100ep,premium_val_pp,0.1230,D:\deepseek\analysis\A_results_20260914\runs\t1a_d15toaitod_lr005_100ep_s47n\results.csv,
T1-a,dota15->aitod,t1a_d15toaitod_lr005_100ep_s47n,47,lr005_100ep,premium_val_minus_test_pp,-10.0370,D:\deepseek\analysis\A_results_20260914\runs\t1a_d15toaitod_lr005_100ep_s47n\results.csv,D:\deepseek\analysis\A_results_20260916_t1d\sio_b_results.csv
T1-a,dota15->aitod,t1a_d15toaitod_lr005_100ep_s48n,48,lr005_100ep,test_map50_95_pp,10.1100,D:\deepseek\analysis\A_results_20260914\runs\t1a_d15toaitod_lr005_100ep_s48n\results.csv,D:\deepseek\analysis\A_results_20260916_t1d\sio_b_results.csv
T1-a,dota15->aitod,t1a_d15toaitod_lr005_100ep_s48n,48,lr005_100ep,premium_val_pp,0.0650,D:\deepseek\analysis\A_results_20260914\runs\t1a_d15toaitod_lr005_100ep_s48n\results.csv,
T1-a,dota15->aitod,t1a_d15toaitod_lr005_100ep_s48n,48,lr005_100ep,premium_val_minus_test_pp,-10.0450,D:\deepseek\analysis\A_results_20260914\runs\t1a_d15toaitod_lr005_100ep_s48n\results.csv,D:\deepseek\analysis\A_results_20260916_t1d\sio_b_results.csv
T1-a,dota15->aitod,t1a_d15toaitod_lr005_100ep_s49n,49,lr005_100ep,test_map50_95_pp,10.0600,D:\deepseek\analysis\A_results_20260914\runs\t1a_d15toaitod_lr005_100ep_s49n\results.csv,D:\deepseek\analysis\A_results_20260916_t1d\sio_b_results.csv
T1-a,dota15->aitod,t1a_d15toaitod_lr005_100ep_s49n,49,lr005_100ep,premium_val_pp,0.1110,D:\deepseek\analysis\A_results_20260914\runs\t1a_d15toaitod_lr005_100ep_s49n\results.csv,
T1-a,dota15->aitod,t1a_d15toaitod_lr005_100ep_s49n,49,lr005_100ep,premium_val_minus_test_pp,-9.9490,D:\deepseek\analysis\A_results_20260914\runs\t1a_d15toaitod_lr005_100ep_s49n\results.csv,D:\deepseek\analysis\A_results_20260916_t1d\sio_b_results.csv
T1-a,dota15->aitod,t1a_d15toaitod_lr005_100ep_s50n,50,lr005_100ep,test_map50_95_pp,9.8500,D:\deepseek\analysis\A_results_20260914\runs\t1a_d15toaitod_lr005_100ep_s50n\results.csv,D:\deepseek\analysis\A_results_20260916_t1d\sio_b_results.csv
T1-a,dota15->aitod,t1a_d15toaitod_lr005_100ep_s50n,50,lr005_100ep,premium_val_pp,0.1520,D:\deepseek\analysis\A_results_20260914\runs\t1a_d15toaitod_lr005_100ep_s50n\results.csv,
T1-a,dota15->aitod,t1a_d15toaitod_lr005_100ep_s50n,50,lr005_100ep,premium_val_minus_test_pp,-9.6980,D:\deepseek\analysis\A_results_20260914\runs\t1a_d15toaitod_lr005_100ep_s50n\results.csv,D:\deepseek\analysis\A_results_20260916_t1d\sio_b_results.csv
T1-a,dota15->aitod,t1a_d15toaitod_lr005_100ep_s51n,51,lr005_100ep,test_map50_95_pp,9.7800,D:\deepseek\analysis\A_results_20260914\runs\t1a_d15toaitod_lr005_100ep_s51n\results.csv,D:\deepseek\analysis\A_results_20260916_t1d\sio_b_results.csv
T1-a,dota15->aitod,t1a_d15toaitod_lr005_100ep_s51n,51,lr005_100ep,premium_val_pp,0.0690,D:\deepseek\analysis\A_results_20260914\runs\t1a_d15toaitod_lr005_100ep_s51n\results.csv,
T1-a,dota15->aitod,t1a_d15toaitod_lr005_100ep_s51n,51,lr005_100ep,premium_val_minus_test_pp,-9.7110,D:\deepseek\analysis\A_results_20260914\runs\t1a_d15toaitod_lr005_100ep_s51n\results.csv,D:\deepseek\analysis\A_results_20260916_t1d\sio_b_results.csv
T1-b,aitod->visdrone,t1b_aitodtovis_base100_s42n,42,base100,test_map50_95_pp,10.0800,E:\workplace\_stage_p2pack_20260920\B_runs\t1b_aitodtovis_base100_s42n\results.csv,E:\workplace\xeval_20260916\sio_b_results_pod.csv
T1-b,aitod->visdrone,t1b_aitodtovis_base100_s42n,42,base100,premium_val_pp,0.1850,E:\workplace\_stage_p2pack_20260920\B_runs\t1b_aitodtovis_base100_s42n\results.csv,
T1-b,aitod->visdrone,t1b_aitodtovis_base100_s42n,42,base100,premium_val_minus_test_pp,-9.8950,E:\workplace\_stage_p2pack_20260920\B_runs\t1b_aitodtovis_base100_s42n\results.csv,E:\workplace\xeval_20260916\sio_b_results_pod.csv
T1-b,aitod->visdrone,t1b_aitodtovis_base100_s43n,43,base100,test_map50_95_pp,10.0200,E:\workplace\_stage_p2pack_20260920\B_runs\t1b_aitodtovis_base100_s43n\results.csv,E:\workplace\xeval_20260916\sio_b_results_pod.csv
T1-b,aitod->visdrone,t1b_aitodtovis_base100_s43n,43,base100,premium_val_pp,0.2500,E:\workplace\_stage_p2pack_20260920\B_runs\t1b_aitodtovis_base100_s43n\results.csv,
T1-b,aitod->visdrone,t1b_aitodtovis_base100_s43n,43,base100,premium_val_minus_test_pp,-9.7700,E:\workplace\_stage_p2pack_20260920\B_runs\t1b_aitodtovis_base100_s43n\results.csv,E:\workplace\xeval_20260916\sio_b_results_pod.csv
T1-b,aitod->visdrone,t1b_aitodtovis_base100_s44n,44,base100,test_map50_95_pp,10.1300,E:\workplace\_stage_p2pack_20260920\B_runs\t1b_aitodtovis_base100_s44n\results.csv,E:\workplace\xeval_20260916\sio_b_results_pod.csv
T1-b,aitod->visdrone,t1b_aitodtovis_base100_s44n,44,base100,premium_val_pp,0.1750,E:\workplace\_stage_p2pack_20260920\B_runs\t1b_aitodtovis_base100_s44n\results.csv,
T1-b,aitod->visdrone,t1b_aitodtovis_base100_s44n,44,base100,premium_val_minus_test_pp,-9.9550,E:\workplace\_stage_p2pack_20260920\B_runs\t1b_aitodtovis_base100_s44n\results.csv,E:\workplace\xeval_20260916\sio_b_results_pod.csv
T1-b,aitod->visdrone,t1b_aitodtovis_base100_s45n,45,base100,test_map50_95_pp,10.2800,E:\workplace\_stage_p2pack_20260920\B_runs\t1b_aitodtovis_base100_s45n\results.csv,E:\workplace\xeval_20260916\sio_b_results_pod.csv
T1-b,aitod->visdrone,t1b_aitodtovis_base100_s45n,45,base100,premium_val_pp,0.1410,E:\workplace\_stage_p2pack_20260920\B_runs\t1b_aitodtovis_base100_s45n\results.csv,
T1-b,aitod->visdrone,t1b_aitodtovis_base100_s45n,45,base100,premium_val_minus_test_pp,-10.1390,E:\workplace\_stage_p2pack_20260920\B_runs\t1b_aitodtovis_base100_s45n\results.csv,E:\workplace\xeval_20260916\sio_b_results_pod.csv
T1-b,aitod->visdrone,t1b_aitodtovis_base100_s46n,46,base100,test_map50_95_pp,10.2300,E:\workplace\_stage_p2pack_20260920\B_runs\t1b_aitodtovis_base100_s46n\results.csv,E:\workplace\xeval_20260916\sio_b_results_pod.csv
T1-b,aitod->visdrone,t1b_aitodtovis_base100_s46n,46,base100,premium_val_pp,0.0210,E:\workplace\_stage_p2pack_20260920\B_runs\t1b_aitodtovis_base100_s46n\results.csv,
T1-b,aitod->visdrone,t1b_aitodtovis_base100_s46n,46,base100,premium_val_minus_test_pp,-10.2090,E:\workplace\_stage_p2pack_20260920\B_runs\t1b_aitodtovis_base100_s46n\results.csv,E:\workplace\xeval_20260916\sio_b_results_pod.csv
T1-b,aitod->visdrone,t1b_aitodtovis_base100_s47n,47,base100,test_map50_95_pp,10.2000,E:\workplace\_stage_p2pack_20260920\B_runs\t1b_aitodtovis_base100_s47n\results.csv,E:\workplace\xeval_20260916\sio_b_results_pod.csv
T1-b,aitod->visdrone,t1b_aitodtovis_base100_s47n,47,base100,premium_val_pp,0.0880,E:\workplace\_stage_p2pack_20260920\B_runs\t1b_aitodtovis_base100_s47n\results.csv,
T1-b,aitod->visdrone,t1b_aitodtovis_base100_s47n,47,base100,premium_val_minus_test_pp,-10.1120,E:\workplace\_stage_p2pack_20260920\B_runs\t1b_aitodtovis_base100_s47n\results.csv,E:\workplace\xeval_20260916\sio_b_results_pod.csv
T1-b,aitod->visdrone,t1b_aitodtovis_base100_s48n,48,base100,test_map50_95_pp,10.2100,E:\workplace\_stage_p2pack_20260920\B_runs\t1b_aitodtovis_base100_s48n\results.csv,E:\workplace\xeval_20260916\sio_b_results_pod.csv
T1-b,aitod->visdrone,t1b_aitodtovis_base100_s48n,48,base100,premium_val_pp,0.2070,E:\workplace\_stage_p2pack_20260920\B_runs\t1b_aitodtovis_base100_s48n\results.csv,
T1-b,aitod->visdrone,t1b_aitodtovis_base100_s48n,48,base100,premium_val_minus_test_pp,-10.0030,E:\workplace\_stage_p2pack_20260920\B_runs\t1b_aitodtovis_base100_s48n\results.csv,E:\workplace\xeval_20260916\sio_b_results_pod.csv
T1-b,aitod->visdrone,t1b_aitodtovis_base100_s49n,49,base100,test_map50_95_pp,10.2200,E:\workplace\_stage_p2pack_20260920\B_runs\t1b_aitodtovis_base100_s49n\results.csv,E:\workplace\xeval_20260916\sio_b_results_pod.csv
T1-b,aitod->visdrone,t1b_aitodtovis_base100_s49n,49,base100,premium_val_pp,0.2150,E:\workplace\_stage_p2pack_20260920\B_runs\t1b_aitodtovis_base100_s49n\results.csv,
T1-b,aitod->visdrone,t1b_aitodtovis_base100_s49n,49,base100,premium_val_minus_test_pp,-10.0050,E:\workplace\_stage_p2pack_20260920\B_runs\t1b_aitodtovis_base100_s49n\results.csv,E:\workplace\xeval_20260916\sio_b_results_pod.csv
T1-b,aitod->visdrone,t1b_aitodtovis_base100_s50n,50,base100,test_map50_95_pp,10.2400,E:\workplace\_stage_p2pack_20260920\B_runs\t1b_aitodtovis_base100_s50n\results.csv,E:\workplace\xeval_20260916\sio_b_results_pod.csv
T1-b,aitod->visdrone,t1b_aitodtovis_base100_s50n,50,base100,premium_val_pp,0.0790,E:\workplace\_stage_p2pack_20260920\B_runs\t1b_aitodtovis_base100_s50n\results.csv,
T1-b,aitod->visdrone,t1b_aitodtovis_base100_s50n,50,base100,premium_val_minus_test_pp,-10.1610,E:\workplace\_stage_p2pack_20260920\B_runs\t1b_aitodtovis_base100_s50n\results.csv,E:\workplace\xeval_20260916\sio_b_results_pod.csv
T1-b,aitod->visdrone,t1b_aitodtovis_base100_s51n,51,base100,test_map50_95_pp,10.3400,E:\workplace\_stage_p2pack_20260920\B_runs\t1b_aitodtovis_base100_s51n\results.csv,E:\workplace\xeval_20260916\sio_b_results_pod.csv
T1-b,aitod->visdrone,t1b_aitodtovis_base100_s51n,51,base100,premium_val_pp,0.2090,E:\workplace\_stage_p2pack_20260920\B_runs\t1b_aitodtovis_base100_s51n\results.csv,
T1-b,aitod->visdrone,t1b_aitodtovis_base100_s51n,51,base100,premium_val_minus_test_pp,-10.1310,E:\workplace\_stage_p2pack_20260920\B_runs\t1b_aitodtovis_base100_s51n\results.csv,E:\workplace\xeval_20260916\sio_b_results_pod.csv
T1-b,aitod->visdrone,t1b_aitodtovis_lr005_100ep_s42n,42,lr005_100ep,test_map50_95_pp,10.2200,E:\workplace\_stage_p2pack_20260920\B_runs\t1b_aitodtovis_lr005_100ep_s42n\results.csv,E:\workplace\xeval_20260916\sio_b_results_pod.csv
T1-b,aitod->visdrone,t1b_aitodtovis_lr005_100ep_s42n,42,lr005_100ep,premium_val_pp,0.3380,E:\workplace\_stage_p2pack_20260920\B_runs\t1b_aitodtovis_lr005_100ep_s42n\results.csv,
T1-b,aitod->visdrone,t1b_aitodtovis_lr005_100ep_s42n,42,lr005_100ep,premium_val_minus_test_pp,-9.8820,E:\workplace\_stage_p2pack_20260920\B_runs\t1b_aitodtovis_lr005_100ep_s42n\results.csv,E:\workplace\xeval_20260916\sio_b_results_pod.csv
T1-b,aitod->visdrone,t1b_aitodtovis_lr005_100ep_s43n,43,lr005_100ep,test_map50_95_pp,10.3100,E:\workplace\_stage_p2pack_20260920\B_runs\t1b_aitodtovis_lr005_100ep_s43n\results.csv,E:\workplace\xeval_20260916\sio_b_results_pod.csv
T1-b,aitod->visdrone,t1b_aitodtovis_lr005_100ep_s43n,43,lr005_100ep,premium_val_pp,0.1170,E:\workplace\_stage_p2pack_20260920\B_runs\t1b_aitodtovis_lr005_100ep_s43n\results.csv,
T1-b,aitod->visdrone,t1b_aitodtovis_lr005_100ep_s43n,43,lr005_100ep,premium_val_minus_test_pp,-10.1930,E:\workplace\_stage_p2pack_20260920\B_runs\t1b_aitodtovis_lr005_100ep_s43n\results.csv,E:\workplace\xeval_20260916\sio_b_results_pod.csv
T1-b,aitod->visdrone,t1b_aitodtovis_lr005_100ep_s44n,44,lr005_100ep,test_map50_95_pp,10.4200,E:\workplace\_stage_p2pack_20260920\B_runs\t1b_aitodtovis_lr005_100ep_s44n\results.csv,E:\workplace\xeval_20260916\sio_b_results_pod.csv
T1-b,aitod->visdrone,t1b_aitodtovis_lr005_100ep_s44n,44,lr005_100ep,premium_val_pp,0.1510,E:\workplace\_stage_p2pack_20260920\B_runs\t1b_aitodtovis_lr005_100ep_s44n\results.csv,
T1-b,aitod->visdrone,t1b_aitodtovis_lr005_100ep_s44n,44,lr005_100ep,premium_val_minus_test_pp,-10.2690,E:\workplace\_stage_p2pack_20260920\B_runs\t1b_aitodtovis_lr005_100ep_s44n\results.csv,E:\workplace\xeval_20260916\sio_b_results_pod.csv
T1-b,aitod->visdrone,t1b_aitodtovis_lr005_100ep_s45n,45,lr005_100ep,test_map50_95_pp,10.3200,E:\workplace\_stage_p2pack_20260920\B_runs\t1b_aitodtovis_lr005_100ep_s45n\results.csv,E:\workplace\xeval_20260916\sio_b_results_pod.csv
T1-b,aitod->visdrone,t1b_aitodtovis_lr005_100ep_s45n,45,lr005_100ep,premium_val_pp,0.2300,E:\workplace\_stage_p2pack_20260920\B_runs\t1b_aitodtovis_lr005_100ep_s45n\results.csv,
T1-b,aitod->visdrone,t1b_aitodtovis_lr005_100ep_s45n,45,lr005_100ep,premium_val_minus_test_pp,-10.0900,E:\workplace\_stage_p2pack_20260920\B_runs\t1b_aitodtovis_lr005_100ep_s45n\results.csv,E:\workplace\xeval_20260916\sio_b_results_pod.csv
T1-b,aitod->visdrone,t1b_aitodtovis_lr005_100ep_s46n,46,lr005_100ep,test_map50_95_pp,10.3200,E:\workplace\_stage_p2pack_20260920\B_runs\t1b_aitodtovis_lr005_100ep_s46n\results.csv,E:\workplace\xeval_20260916\sio_b_results_pod.csv
T1-b,aitod->visdrone,t1b_aitodtovis_lr005_100ep_s46n,46,lr005_100ep,premium_val_pp,0.3570,E:\workplace\_stage_p2pack_20260920\B_runs\t1b_aitodtovis_lr005_100ep_s46n\results.csv,
T1-b,aitod->visdrone,t1b_aitodtovis_lr005_100ep_s46n,46,lr005_100ep,premium_val_minus_test_pp,-9.9630,E:\workplace\_stage_p2pack_20260920\B_runs\t1b_aitodtovis_lr005_100ep_s46n\results.csv,E:\workplace\xeval_20260916\sio_b_results_pod.csv
T1-b,aitod->visdrone,t1b_aitodtovis_lr005_100ep_s47n,47,lr005_100ep,test_map50_95_pp,10.5800,E:\workplace\_stage_p2pack_20260920\B_runs\t1b_aitodtovis_lr005_100ep_s47n\results.csv,E:\workplace\xeval_20260916\sio_b_results_pod.csv
T1-b,aitod->visdrone,t1b_aitodtovis_lr005_100ep_s47n,47,lr005_100ep,premium_val_pp,0.1970,E:\workplace\_stage_p2pack_20260920\B_runs\t1b_aitodtovis_lr005_100ep_s47n\results.csv,
T1-b,aitod->visdrone,t1b_aitodtovis_lr005_100ep_s47n,47,lr005_100ep,premium_val_minus_test_pp,-10.3830,E:\workplace\_stage_p2pack_20260920\B_runs\t1b_aitodtovis_lr005_100ep_s47n\results.csv,E:\workplace\xeval_20260916\sio_b_results_pod.csv
T1-b,aitod->visdrone,t1b_aitodtovis_lr005_100ep_s48n,48,lr005_100ep,test_map50_95_pp,10.4200,E:\workplace\_stage_p2pack_20260920\B_runs\t1b_aitodtovis_lr005_100ep_s48n\results.csv,E:\workplace\xeval_20260916\sio_b_results_pod.csv
T1-b,aitod->visdrone,t1b_aitodtovis_lr005_100ep_s48n,48,lr005_100ep,premium_val_pp,0.2240,E:\workplace\_stage_p2pack_20260920\B_runs\t1b_aitodtovis_lr005_100ep_s48n\results.csv,
T1-b,aitod->visdrone,t1b_aitodtovis_lr005_100ep_s48n,48,lr005_100ep,premium_val_minus_test_pp,-10.1960,E:\workplace\_stage_p2pack_20260920\B_runs\t1b_aitodtovis_lr005_100ep_s48n\results.csv,E:\workplace\xeval_20260916\sio_b_results_pod.csv
T1-b,aitod->visdrone,t1b_aitodtovis_lr005_100ep_s49n,49,lr005_100ep,test_map50_95_pp,10.2500,E:\workplace\_stage_p2pack_20260920\B_runs\t1b_aitodtovis_lr005_100ep_s49n\results.csv,E:\workplace\xeval_20260916\sio_b_results_pod.csv
T1-b,aitod->visdrone,t1b_aitodtovis_lr005_100ep_s49n,49,lr005_100ep,premium_val_pp,0.2360,E:\workplace\_stage_p2pack_20260920\B_runs\t1b_aitodtovis_lr005_100ep_s49n\results.csv,
T1-b,aitod->visdrone,t1b_aitodtovis_lr005_100ep_s49n,49,lr005_100ep,premium_val_minus_test_pp,-10.0140,E:\workplace\_stage_p2pack_20260920\B_runs\t1b_aitodtovis_lr005_100ep_s49n\results.csv,E:\workplace\xeval_20260916\sio_b_results_pod.csv
T1-b,aitod->visdrone,t1b_aitodtovis_lr005_100ep_s50n,50,lr005_100ep,test_map50_95_pp,10.3700,E:\workplace\_stage_p2pack_20260920\B_runs\t1b_aitodtovis_lr005_100ep_s50n\results.csv,E:\workplace\xeval_20260916\sio_b_results_pod.csv
T1-b,aitod->visdrone,t1b_aitodtovis_lr005_100ep_s50n,50,lr005_100ep,premium_val_pp,0.0840,E:\workplace\_stage_p2pack_20260920\B_runs\t1b_aitodtovis_lr005_100ep_s50n\results.csv,
T1-b,aitod->visdrone,t1b_aitodtovis_lr005_100ep_s50n,50,lr005_100ep,premium_val_minus_test_pp,-10.2860,E:\workplace\_stage_p2pack_20260920\B_runs\t1b_aitodtovis_lr005_100ep_s50n\results.csv,E:\workplace\xeval_20260916\sio_b_results_pod.csv
T1-b,aitod->visdrone,t1b_aitodtovis_lr005_100ep_s51n,51,lr005_100ep,test_map50_95_pp,10.4200,E:\workplace\_stage_p2pack_20260920\B_runs\t1b_aitodtovis_lr005_100ep_s51n\results.csv,E:\workplace\xeval_20260916\sio_b_results_pod.csv
T1-b,aitod->visdrone,t1b_aitodtovis_lr005_100ep_s51n,51,lr005_100ep,premium_val_pp,0.1900,E:\workplace\_stage_p2pack_20260920\B_runs\t1b_aitodtovis_lr005_100ep_s51n\results.csv,
T1-b,aitod->visdrone,t1b_aitodtovis_lr005_100ep_s51n,51,lr005_100ep,premium_val_minus_test_pp,-10.2300,E:\workplace\_stage_p2pack_20260920\B_runs\t1b_aitodtovis_lr005_100ep_s51n\results.csv,E:\workplace\xeval_20260916\sio_b_results_pod.csv
T1-c,visdrone->dota15,t1c_vistod15_base100_s42n,42,base100,test_map50_95_pp,11.4600,E:\workplace\_stage_p2pack_20260920\B_runs\t1c_vistod15_base100_s42n\results.csv,E:\workplace\xeval_20260916\sio_b_results_pod.csv
T1-c,visdrone->dota15,t1c_vistod15_base100_s42n,42,base100,premium_val_pp,0.5700,E:\workplace\_stage_p2pack_20260920\B_runs\t1c_vistod15_base100_s42n\results.csv,
T1-c,visdrone->dota15,t1c_vistod15_base100_s42n,42,base100,premium_val_minus_test_pp,-10.8900,E:\workplace\_stage_p2pack_20260920\B_runs\t1c_vistod15_base100_s42n\results.csv,E:\workplace\xeval_20260916\sio_b_results_pod.csv
T1-c,visdrone->dota15,t1c_vistod15_base100_s43n,43,base100,test_map50_95_pp,11.6500,E:\workplace\_stage_p2pack_20260920\B_runs\t1c_vistod15_base100_s43n\results.csv,E:\workplace\xeval_20260916\sio_b_results_pod.csv
T1-c,visdrone->dota15,t1c_vistod15_base100_s43n,43,base100,premium_val_pp,0.5880,E:\workplace\_stage_p2pack_20260920\B_runs\t1c_vistod15_base100_s43n\results.csv,
T1-c,visdrone->dota15,t1c_vistod15_base100_s43n,43,base100,premium_val_minus_test_pp,-11.0620,E:\workplace\_stage_p2pack_20260920\B_runs\t1c_vistod15_base100_s43n\results.csv,E:\workplace\xeval_20260916\sio_b_results_pod.csv
T1-c,visdrone->dota15,t1c_vistod15_base100_s44n,44,base100,test_map50_95_pp,11.4600,E:\workplace\_stage_p2pack_20260920\B_runs\t1c_vistod15_base100_s44n\results.csv,E:\workplace\xeval_20260916\sio_b_results_pod.csv
T1-c,visdrone->dota15,t1c_vistod15_base100_s44n,44,base100,premium_val_pp,0.5660,E:\workplace\_stage_p2pack_20260920\B_runs\t1c_vistod15_base100_s44n\results.csv,
T1-c,visdrone->dota15,t1c_vistod15_base100_s44n,44,base100,premium_val_minus_test_pp,-10.8940,E:\workplace\_stage_p2pack_20260920\B_runs\t1c_vistod15_base100_s44n\results.csv,E:\workplace\xeval_20260916\sio_b_results_pod.csv
T1-c,visdrone->dota15,t1c_vistod15_base100_s45n,45,base100,test_map50_95_pp,11.6100,E:\workplace\_stage_p2pack_20260920\B_runs\t1c_vistod15_base100_s45n\results.csv,E:\workplace\xeval_20260916\sio_b_results_pod.csv
T1-c,visdrone->dota15,t1c_vistod15_base100_s45n,45,base100,premium_val_pp,0.6240,E:\workplace\_stage_p2pack_20260920\B_runs\t1c_vistod15_base100_s45n\results.csv,
T1-c,visdrone->dota15,t1c_vistod15_base100_s45n,45,base100,premium_val_minus_test_pp,-10.9860,E:\workplace\_stage_p2pack_20260920\B_runs\t1c_vistod15_base100_s45n\results.csv,E:\workplace\xeval_20260916\sio_b_results_pod.csv
T1-c,visdrone->dota15,t1c_vistod15_base100_s46n,46,base100,test_map50_95_pp,11.9100,E:\workplace\_stage_p2pack_20260920\B_runs\t1c_vistod15_base100_s46n\results.csv,E:\workplace\xeval_20260916\sio_b_results_pod.csv
T1-c,visdrone->dota15,t1c_vistod15_base100_s46n,46,base100,premium_val_pp,0.6760,E:\workplace\_stage_p2pack_20260920\B_runs\t1c_vistod15_base100_s46n\results.csv,
T1-c,visdrone->dota15,t1c_vistod15_base100_s46n,46,base100,premium_val_minus_test_pp,-11.2340,E:\workplace\_stage_p2pack_20260920\B_runs\t1c_vistod15_base100_s46n\results.csv,E:\workplace\xeval_20260916\sio_b_results_pod.csv
T1-c,visdrone->dota15,t1c_vistod15_base100_s47n,47,base100,test_map50_95_pp,11.7000,E:\workplace\_stage_p2pack_20260920\B_runs\t1c_vistod15_base100_s47n\results.csv,E:\workplace\xeval_20260916\sio_b_results_pod.csv
T1-c,visdrone->dota15,t1c_vistod15_base100_s47n,47,base100,premium_val_pp,0.7120,E:\workplace\_stage_p2pack_20260920\B_runs\t1c_vistod15_base100_s47n\results.csv,
T1-c,visdrone->dota15,t1c_vistod15_base100_s47n,47,base100,premium_val_minus_test_pp,-10.9880,E:\workplace\_stage_p2pack_20260920\B_runs\t1c_vistod15_base100_s47n\results.csv,E:\workplace\xeval_20260916\sio_b_results_pod.csv
T1-c,visdrone->dota15,t1c_vistod15_base100_s48n,48,base100,test_map50_95_pp,11.6000,E:\workplace\_stage_p2pack_20260920\B_runs\t1c_vistod15_base100_s48n\results.csv,E:\workplace\xeval_20260916\sio_b_results_pod.csv
T1-c,visdrone->dota15,t1c_vistod15_base100_s48n,48,base100,premium_val_pp,0.4650,E:\workplace\_stage_p2pack_20260920\B_runs\t1c_vistod15_base100_s48n\results.csv,
T1-c,visdrone->dota15,t1c_vistod15_base100_s48n,48,base100,premium_val_minus_test_pp,-11.1350,E:\workplace\_stage_p2pack_20260920\B_runs\t1c_vistod15_base100_s48n\results.csv,E:\workplace\xeval_20260916\sio_b_results_pod.csv
T1-c,visdrone->dota15,t1c_vistod15_base100_s49n,49,base100,test_map50_95_pp,11.5600,E:\workplace\_stage_p2pack_20260920\B_runs\t1c_vistod15_base100_s49n\results.csv,E:\workplace\xeval_20260916\sio_b_results_pod.csv
T1-c,visdrone->dota15,t1c_vistod15_base100_s49n,49,base100,premium_val_pp,0.6540,E:\workplace\_stage_p2pack_20260920\B_runs\t1c_vistod15_base100_s49n\results.csv,
T1-c,visdrone->dota15,t1c_vistod15_base100_s49n,49,base100,premium_val_minus_test_pp,-10.9060,E:\workplace\_stage_p2pack_20260920\B_runs\t1c_vistod15_base100_s49n\results.csv,E:\workplace\xeval_20260916\sio_b_results_pod.csv
T1-c,visdrone->dota15,t1c_vistod15_base100_s50n,50,base100,test_map50_95_pp,11.9000,E:\workplace\_stage_p2pack_20260920\B_runs\t1c_vistod15_base100_s50n\results.csv,E:\workplace\xeval_20260916\sio_b_results_pod.csv
T1-c,visdrone->dota15,t1c_vistod15_base100_s50n,50,base100,premium_val_pp,0.7520,E:\workplace\_stage_p2pack_20260920\B_runs\t1c_vistod15_base100_s50n\results.csv,
T1-c,visdrone->dota15,t1c_vistod15_base100_s50n,50,base100,premium_val_minus_test_pp,-11.1480,E:\workplace\_stage_p2pack_20260920\B_runs\t1c_vistod15_base100_s50n\results.csv,E:\workplace\xeval_20260916\sio_b_results_pod.csv
T1-c,visdrone->dota15,t1c_vistod15_base100_s51n,51,base100,test_map50_95_pp,11.4800,E:\workplace\_stage_p2pack_20260920\B_runs\t1c_vistod15_base100_s51n\results.csv,E:\workplace\xeval_20260916\sio_b_results_pod.csv
T1-c,visdrone->dota15,t1c_vistod15_base100_s51n,51,base100,premium_val_pp,0.4110,E:\workplace\_stage_p2pack_20260920\B_runs\t1c_vistod15_base100_s51n\results.csv,
T1-c,visdrone->dota15,t1c_vistod15_base100_s51n,51,base100,premium_val_minus_test_pp,-11.0690,E:\workplace\_stage_p2pack_20260920\B_runs\t1c_vistod15_base100_s51n\results.csv,E:\workplace\xeval_20260916\sio_b_results_pod.csv
T1-c,visdrone->dota15,t1c_vistod15_lr005_100ep_s42n,42,lr005_100ep,test_map50_95_pp,15.0700,E:\workplace\_stage_p2pack_20260920\B_runs\t1c_vistod15_lr005_100ep_s42n\results.csv,E:\workplace\xeval_20260916\sio_b_results_pod.csv
T1-c,visdrone->dota15,t1c_vistod15_lr005_100ep_s42n,42,lr005_100ep,premium_val_pp,0.7110,E:\workplace\_stage_p2pack_20260920\B_runs\t1c_vistod15_lr005_100ep_s42n\results.csv,
T1-c,visdrone->dota15,t1c_vistod15_lr005_100ep_s42n,42,lr005_100ep,premium_val_minus_test_pp,-14.3590,E:\workplace\_stage_p2pack_20260920\B_runs\t1c_vistod15_lr005_100ep_s42n\results.csv,E:\workplace\xeval_20260916\sio_b_results_pod.csv
T1-c,visdrone->dota15,t1c_vistod15_lr005_100ep_s43n,43,lr005_100ep,test_map50_95_pp,15.4000,E:\workplace\_stage_p2pack_20260920\B_runs\t1c_vistod15_lr005_100ep_s43n\results.csv,E:\workplace\xeval_20260916\sio_b_results_pod.csv
T1-c,visdrone->dota15,t1c_vistod15_lr005_100ep_s43n,43,lr005_100ep,premium_val_pp,0.2480,E:\workplace\_stage_p2pack_20260920\B_runs\t1c_vistod15_lr005_100ep_s43n\results.csv,
T1-c,visdrone->dota15,t1c_vistod15_lr005_100ep_s43n,43,lr005_100ep,premium_val_minus_test_pp,-15.1520,E:\workplace\_stage_p2pack_20260920\B_runs\t1c_vistod15_lr005_100ep_s43n\results.csv,E:\workplace\xeval_20260916\sio_b_results_pod.csv
T1-c,visdrone->dota15,t1c_vistod15_lr005_100ep_s44n,44,lr005_100ep,test_map50_95_pp,14.8400,E:\workplace\_stage_p2pack_20260920\B_runs\t1c_vistod15_lr005_100ep_s44n\results.csv,E:\workplace\xeval_20260916\sio_b_results_pod.csv
T1-c,visdrone->dota15,t1c_vistod15_lr005_100ep_s44n,44,lr005_100ep,premium_val_pp,0.3580,E:\workplace\_stage_p2pack_20260920\B_runs\t1c_vistod15_lr005_100ep_s44n\results.csv,
T1-c,visdrone->dota15,t1c_vistod15_lr005_100ep_s44n,44,lr005_100ep,premium_val_minus_test_pp,-14.4820,E:\workplace\_stage_p2pack_20260920\B_runs\t1c_vistod15_lr005_100ep_s44n\results.csv,E:\workplace\xeval_20260916\sio_b_results_pod.csv
T1-c,visdrone->dota15,t1c_vistod15_lr005_100ep_s45n,45,lr005_100ep,test_map50_95_pp,15.2900,E:\workplace\_stage_p2pack_20260920\B_runs\t1c_vistod15_lr005_100ep_s45n\results.csv,E:\workplace\xeval_20260916\sio_b_results_pod.csv
T1-c,visdrone->dota15,t1c_vistod15_lr005_100ep_s45n,45,lr005_100ep,premium_val_pp,0.1240,E:\workplace\_stage_p2pack_20260920\B_runs\t1c_vistod15_lr005_100ep_s45n\results.csv,
T1-c,visdrone->dota15,t1c_vistod15_lr005_100ep_s45n,45,lr005_100ep,premium_val_minus_test_pp,-15.1660,E:\workplace\_stage_p2pack_20260920\B_runs\t1c_vistod15_lr005_100ep_s45n\results.csv,E:\workplace\xeval_20260916\sio_b_results_pod.csv
T1-c,visdrone->dota15,t1c_vistod15_lr005_100ep_s46n,46,lr005_100ep,test_map50_95_pp,15.3400,E:\workplace\_stage_p2pack_20260920\B_runs\t1c_vistod15_lr005_100ep_s46n\results.csv,E:\workplace\xeval_20260916\sio_b_results_pod.csv
T1-c,visdrone->dota15,t1c_vistod15_lr005_100ep_s46n,46,lr005_100ep,premium_val_pp,0.3840,E:\workplace\_stage_p2pack_20260920\B_runs\t1c_vistod15_lr005_100ep_s46n\results.csv,
T1-c,visdrone->dota15,t1c_vistod15_lr005_100ep_s46n,46,lr005_100ep,premium_val_minus_test_pp,-14.9560,E:\workplace\_stage_p2pack_20260920\B_runs\t1c_vistod15_lr005_100ep_s46n\results.csv,E:\workplace\xeval_20260916\sio_b_results_pod.csv
T1-c,visdrone->dota15,t1c_vistod15_lr005_100ep_s47n,47,lr005_100ep,test_map50_95_pp,15.5800,E:\workplace\_stage_p2pack_20260920\B_runs\t1c_vistod15_lr005_100ep_s47n\results.csv,E:\workplace\xeval_20260916\sio_b_results_pod.csv
T1-c,visdrone->dota15,t1c_vistod15_lr005_100ep_s47n,47,lr005_100ep,premium_val_pp,0.4010,E:\workplace\_stage_p2pack_20260920\B_runs\t1c_vistod15_lr005_100ep_s47n\results.csv,
T1-c,visdrone->dota15,t1c_vistod15_lr005_100ep_s47n,47,lr005_100ep,premium_val_minus_test_pp,-15.1790,E:\workplace\_stage_p2pack_20260920\B_runs\t1c_vistod15_lr005_100ep_s47n\results.csv,E:\workplace\xeval_20260916\sio_b_results_pod.csv
T1-c,visdrone->dota15,t1c_vistod15_lr005_100ep_s48n,48,lr005_100ep,test_map50_95_pp,15.9200,E:\workplace\_stage_p2pack_20260920\B_runs\t1c_vistod15_lr005_100ep_s48n\results.csv,E:\workplace\xeval_20260916\sio_b_results_pod.csv
T1-c,visdrone->dota15,t1c_vistod15_lr005_100ep_s48n,48,lr005_100ep,premium_val_pp,0.6150,E:\workplace\_stage_p2pack_20260920\B_runs\t1c_vistod15_lr005_100ep_s48n\results.csv,
T1-c,visdrone->dota15,t1c_vistod15_lr005_100ep_s48n,48,lr005_100ep,premium_val_minus_test_pp,-15.3050,E:\workplace\_stage_p2pack_20260920\B_runs\t1c_vistod15_lr005_100ep_s48n\results.csv,E:\workplace\xeval_20260916\sio_b_results_pod.csv
T1-c,visdrone->dota15,t1c_vistod15_lr005_100ep_s49n,49,lr005_100ep,test_map50_95_pp,15.3500,E:\workplace\_stage_p2pack_20260920\B_runs\t1c_vistod15_lr005_100ep_s49n\results.csv,E:\workplace\xeval_20260916\sio_b_results_pod.csv
T1-c,visdrone->dota15,t1c_vistod15_lr005_100ep_s49n,49,lr005_100ep,premium_val_pp,0.3530,E:\workplace\_stage_p2pack_20260920\B_runs\t1c_vistod15_lr005_100ep_s49n\results.csv,
T1-c,visdrone->dota15,t1c_vistod15_lr005_100ep_s49n,49,lr005_100ep,premium_val_minus_test_pp,-14.9970,E:\workplace\_stage_p2pack_20260920\B_runs\t1c_vistod15_lr005_100ep_s49n\results.csv,E:\workplace\xeval_20260916\sio_b_results_pod.csv
T1-c,visdrone->dota15,t1c_vistod15_lr005_100ep_s50n,50,lr005_100ep,test_map50_95_pp,15.4600,E:\workplace\_stage_p2pack_20260920\B_runs\t1c_vistod15_lr005_100ep_s50n\results.csv,E:\workplace\xeval_20260916\sio_b_results_pod.csv
T1-c,visdrone->dota15,t1c_vistod15_lr005_100ep_s50n,50,lr005_100ep,premium_val_pp,0.5530,E:\workplace\_stage_p2pack_20260920\B_runs\t1c_vistod15_lr005_100ep_s50n\results.csv,
T1-c,visdrone->dota15,t1c_vistod15_lr005_100ep_s50n,50,lr005_100ep,premium_val_minus_test_pp,-14.9070,E:\workplace\_stage_p2pack_20260920\B_runs\t1c_vistod15_lr005_100ep_s50n\results.csv,E:\workplace\xeval_20260916\sio_b_results_pod.csv
T1-c,visdrone->dota15,t1c_vistod15_lr005_100ep_s51n,51,lr005_100ep,test_map50_95_pp,15.3500,E:\workplace\_stage_p2pack_20260920\B_runs\t1c_vistod15_lr005_100ep_s51n\results.csv,E:\workplace\xeval_20260916\sio_b_results_pod.csv
T1-c,visdrone->dota15,t1c_vistod15_lr005_100ep_s51n,51,lr005_100ep,premium_val_pp,0.1290,E:\workplace\_stage_p2pack_20260920\B_runs\t1c_vistod15_lr005_100ep_s51n\results.csv,
T1-c,visdrone->dota15,t1c_vistod15_lr005_100ep_s51n,51,lr005_100ep,premium_val_minus_test_pp,-15.2210,E:\workplace\_stage_p2pack_20260920\B_runs\t1c_vistod15_lr005_100ep_s51n\results.csv,E:\workplace\xeval_20260916\sio_b_results_pod.csv
T1-d,dota->dota15,t1d_dotatod15_base100_s42n,42,base100,test_map50_95_pp,16.2600,D:\deepseek\analysis\A_results_20260916_t1d\t1d_dotatod15_base100_s42n\results.csv,D:\deepseek\analysis\A_results_20260916_t1d\sio_b_results.csv
T1-d,dota->dota15,t1d_dotatod15_base100_s42n,42,base100,premium_val_pp,0.7500,D:\deepseek\analysis\A_results_20260916_t1d\t1d_dotatod15_base100_s42n\results.csv,
T1-d,dota->dota15,t1d_dotatod15_base100_s42n,42,base100,premium_val_minus_test_pp,-15.5100,D:\deepseek\analysis\A_results_20260916_t1d\t1d_dotatod15_base100_s42n\results.csv,D:\deepseek\analysis\A_results_20260916_t1d\sio_b_results.csv
T1-d,dota->dota15,t1d_dotatod15_base100_s43n,43,base100,test_map50_95_pp,16.2700,D:\deepseek\analysis\A_results_20260916_t1d\t1d_dotatod15_base100_s43n\results.csv,D:\deepseek\analysis\A_results_20260916_t1d\sio_b_results.csv
T1-d,dota->dota15,t1d_dotatod15_base100_s43n,43,base100,premium_val_pp,0.8650,D:\deepseek\analysis\A_results_20260916_t1d\t1d_dotatod15_base100_s43n\results.csv,
T1-d,dota->dota15,t1d_dotatod15_base100_s43n,43,base100,premium_val_minus_test_pp,-15.4050,D:\deepseek\analysis\A_results_20260916_t1d\t1d_dotatod15_base100_s43n\results.csv,D:\deepseek\analysis\A_results_20260916_t1d\sio_b_results.csv
T1-d,dota->dota15,t1d_dotatod15_base100_s44n,44,base100,test_map50_95_pp,16.2500,D:\deepseek\analysis\A_results_20260916_t1d\t1d_dotatod15_base100_s44n\results.csv,D:\deepseek\analysis\A_results_20260916_t1d\sio_b_results.csv
T1-d,dota->dota15,t1d_dotatod15_base100_s44n,44,base100,premium_val_pp,0.8110,D:\deepseek\analysis\A_results_20260916_t1d\t1d_dotatod15_base100_s44n\results.csv,
T1-d,dota->dota15,t1d_dotatod15_base100_s44n,44,base100,premium_val_minus_test_pp,-15.4390,D:\deepseek\analysis\A_results_20260916_t1d\t1d_dotatod15_base100_s44n\results.csv,D:\deepseek\analysis\A_results_20260916_t1d\sio_b_results.csv
T1-d,dota->dota15,t1d_dotatod15_base100_s45n,45,base100,test_map50_95_pp,16.3600,D:\deepseek\analysis\A_results_20260916_t1d\t1d_dotatod15_base100_s45n\results.csv,D:\deepseek\analysis\A_results_20260916_t1d\sio_b_results.csv
T1-d,dota->dota15,t1d_dotatod15_base100_s45n,45,base100,premium_val_pp,0.7360,D:\deepseek\analysis\A_results_20260916_t1d\t1d_dotatod15_base100_s45n\results.csv,
T1-d,dota->dota15,t1d_dotatod15_base100_s45n,45,base100,premium_val_minus_test_pp,-15.6240,D:\deepseek\analysis\A_results_20260916_t1d\t1d_dotatod15_base100_s45n\results.csv,D:\deepseek\analysis\A_results_20260916_t1d\sio_b_results.csv
T1-d,dota->dota15,t1d_dotatod15_base100_s46n,46,base100,test_map50_95_pp,16.4000,D:\deepseek\analysis\A_results_20260916_t1d\t1d_dotatod15_base100_s46n\results.csv,D:\deepseek\analysis\A_results_20260916_t1d\sio_b_results.csv
T1-d,dota->dota15,t1d_dotatod15_base100_s46n,46,base100,premium_val_pp,0.8860,D:\deepseek\analysis\A_results_20260916_t1d\t1d_dotatod15_base100_s46n\results.csv,
T1-d,dota->dota15,t1d_dotatod15_base100_s46n,46,base100,premium_val_minus_test_pp,-15.5140,D:\deepseek\analysis\A_results_20260916_t1d\t1d_dotatod15_base100_s46n\results.csv,D:\deepseek\analysis\A_results_20260916_t1d\sio_b_results.csv
T1-d,dota->dota15,t1d_dotatod15_base100_s47n,47,base100,test_map50_95_pp,16.3600,D:\deepseek\analysis\A_results_20260916_t1d\t1d_dotatod15_base100_s47n\results.csv,D:\deepseek\analysis\A_results_20260916_t1d\sio_b_results.csv
T1-d,dota->dota15,t1d_dotatod15_base100_s47n,47,base100,premium_val_pp,0.8690,D:\deepseek\analysis\A_results_20260916_t1d\t1d_dotatod15_base100_s47n\results.csv,
T1-d,dota->dota15,t1d_dotatod15_base100_s47n,47,base100,premium_val_minus_test_pp,-15.4910,D:\deepseek\analysis\A_results_20260916_t1d\t1d_dotatod15_base100_s47n\results.csv,D:\deepseek\analysis\A_results_20260916_t1d\sio_b_results.csv
T1-d,dota->dota15,t1d_dotatod15_base100_s48n,48,base100,test_map50_95_pp,16.4300,D:\deepseek\analysis\A_results_20260916_t1d\t1d_dotatod15_base100_s48n\results.csv,D:\deepseek\analysis\A_results_20260916_t1d\sio_b_results.csv
T1-d,dota->dota15,t1d_dotatod15_base100_s48n,48,base100,premium_val_pp,0.8620,D:\deepseek\analysis\A_results_20260916_t1d\t1d_dotatod15_base100_s48n\results.csv,
T1-d,dota->dota15,t1d_dotatod15_base100_s48n,48,base100,premium_val_minus_test_pp,-15.5680,D:\deepseek\analysis\A_results_20260916_t1d\t1d_dotatod15_base100_s48n\results.csv,D:\deepseek\analysis\A_results_20260916_t1d\sio_b_results.csv
T1-d,dota->dota15,t1d_dotatod15_base100_s49n,49,base100,test_map50_95_pp,16.3100,E:\workplace\_stage_p2pack_20260920\B_runs\t1d_dotatod15_base100_s49n\results.csv,D:\deepseek\analysis\A_results_20260916_t1d\sio_b_results.csv
T1-d,dota->dota15,t1d_dotatod15_base100_s50n,50,base100,test_map50_95_pp,16.4500,E:\workplace\_stage_p2pack_20260920\B_runs\t1d_dotatod15_base100_s50n\results.csv,D:\deepseek\analysis\A_results_20260916_t1d\sio_b_results.csv
T1-d,dota->dota15,t1d_dotatod15_base100_s51n,51,base100,test_map50_95_pp,16.3400,E:\workplace\_stage_p2pack_20260920\B_runs\t1d_dotatod15_base100_s51n\results.csv,D:\deepseek\analysis\A_results_20260916_t1d\sio_b_results.csv
T1-d,dota->dota15,t1d_dotatod15_lr005_100ep_s42n,42,lr005_100ep,test_map50_95_pp,16.8900,D:\deepseek\analysis\A_results_20260916_t1d\t1d_dotatod15_lr005_100ep_s42n\results.csv,D:\deepseek\analysis\A_results_20260916_t1d\sio_b_results.csv
T1-d,dota->dota15,t1d_dotatod15_lr005_100ep_s42n,42,lr005_100ep,premium_val_pp,0.2090,D:\deepseek\analysis\A_results_20260916_t1d\t1d_dotatod15_lr005_100ep_s42n\results.csv,
T1-d,dota->dota15,t1d_dotatod15_lr005_100ep_s42n,42,lr005_100ep,premium_val_minus_test_pp,-16.6810,D:\deepseek\analysis\A_results_20260916_t1d\t1d_dotatod15_lr005_100ep_s42n\results.csv,D:\deepseek\analysis\A_results_20260916_t1d\sio_b_results.csv
T1-d,dota->dota15,t1d_dotatod15_lr005_100ep_s43n,43,lr005_100ep,test_map50_95_pp,17.2100,D:\deepseek\analysis\A_results_20260916_t1d\t1d_dotatod15_lr005_100ep_s43n\results.csv,D:\deepseek\analysis\A_results_20260916_t1d\sio_b_results.csv
T1-d,dota->dota15,t1d_dotatod15_lr005_100ep_s43n,43,lr005_100ep,premium_val_pp,0.1930,D:\deepseek\analysis\A_results_20260916_t1d\t1d_dotatod15_lr005_100ep_s43n\results.csv,
T1-d,dota->dota15,t1d_dotatod15_lr005_100ep_s43n,43,lr005_100ep,premium_val_minus_test_pp,-17.0170,D:\deepseek\analysis\A_results_20260916_t1d\t1d_dotatod15_lr005_100ep_s43n\results.csv,D:\deepseek\analysis\A_results_20260916_t1d\sio_b_results.csv
T1-d,dota->dota15,t1d_dotatod15_lr005_100ep_s44n,44,lr005_100ep,test_map50_95_pp,16.9300,D:\deepseek\analysis\A_results_20260916_t1d\t1d_dotatod15_lr005_100ep_s44n\results.csv,D:\deepseek\analysis\A_results_20260916_t1d\sio_b_results.csv
T1-d,dota->dota15,t1d_dotatod15_lr005_100ep_s44n,44,lr005_100ep,premium_val_pp,0.3790,D:\deepseek\analysis\A_results_20260916_t1d\t1d_dotatod15_lr005_100ep_s44n\results.csv,
T1-d,dota->dota15,t1d_dotatod15_lr005_100ep_s44n,44,lr005_100ep,premium_val_minus_test_pp,-16.5510,D:\deepseek\analysis\A_results_20260916_t1d\t1d_dotatod15_lr005_100ep_s44n\results.csv,D:\deepseek\analysis\A_results_20260916_t1d\sio_b_results.csv
T1-d,dota->dota15,t1d_dotatod15_lr005_100ep_s45n,45,lr005_100ep,test_map50_95_pp,17.0800,D:\deepseek\analysis\A_results_20260916_t1d\t1d_dotatod15_lr005_100ep_s45n\results.csv,D:\deepseek\analysis\A_results_20260916_t1d\sio_b_results.csv
T1-d,dota->dota15,t1d_dotatod15_lr005_100ep_s45n,45,lr005_100ep,premium_val_pp,0.2700,D:\deepseek\analysis\A_results_20260916_t1d\t1d_dotatod15_lr005_100ep_s45n\results.csv,
T1-d,dota->dota15,t1d_dotatod15_lr005_100ep_s45n,45,lr005_100ep,premium_val_minus_test_pp,-16.8100,D:\deepseek\analysis\A_results_20260916_t1d\t1d_dotatod15_lr005_100ep_s45n\results.csv,D:\deepseek\analysis\A_results_20260916_t1d\sio_b_results.csv
T1-d,dota->dota15,t1d_dotatod15_lr005_100ep_s46n,46,lr005_100ep,test_map50_95_pp,17.0800,D:\deepseek\analysis\A_results_20260916_t1d\t1d_dotatod15_lr005_100ep_s46n\results.csv,D:\deepseek\analysis\A_results_20260916_t1d\sio_b_results.csv
T1-d,dota->dota15,t1d_dotatod15_lr005_100ep_s46n,46,lr005_100ep,premium_val_pp,0.7430,D:\deepseek\analysis\A_results_20260916_t1d\t1d_dotatod15_lr005_100ep_s46n\results.csv,
T1-d,dota->dota15,t1d_dotatod15_lr005_100ep_s46n,46,lr005_100ep,premium_val_minus_test_pp,-16.3370,D:\deepseek\analysis\A_results_20260916_t1d\t1d_dotatod15_lr005_100ep_s46n\results.csv,D:\deepseek\analysis\A_results_20260916_t1d\sio_b_results.csv
T1-d,dota->dota15,t1d_dotatod15_lr005_100ep_s47n,47,lr005_100ep,test_map50_95_pp,17.2200,D:\deepseek\analysis\A_results_20260916_t1d\t1d_dotatod15_lr005_100ep_s47n\results.csv,D:\deepseek\analysis\A_results_20260916_t1d\sio_b_results.csv
T1-d,dota->dota15,t1d_dotatod15_lr005_100ep_s47n,47,lr005_100ep,premium_val_pp,0.6420,D:\deepseek\analysis\A_results_20260916_t1d\t1d_dotatod15_lr005_100ep_s47n\results.csv,
T1-d,dota->dota15,t1d_dotatod15_lr005_100ep_s47n,47,lr005_100ep,premium_val_minus_test_pp,-16.5780,D:\deepseek\analysis\A_results_20260916_t1d\t1d_dotatod15_lr005_100ep_s47n\results.csv,D:\deepseek\analysis\A_results_20260916_t1d\sio_b_results.csv
T1-d,dota->dota15,t1d_dotatod15_lr005_100ep_s48n,48,lr005_100ep,test_map50_95_pp,17.0700,D:\deepseek\analysis\A_results_20260916_t1d\t1d_dotatod15_lr005_100ep_s48n\results.csv,D:\deepseek\analysis\A_results_20260916_t1d\sio_b_results.csv
T1-d,dota->dota15,t1d_dotatod15_lr005_100ep_s48n,48,lr005_100ep,premium_val_pp,0.5130,D:\deepseek\analysis\A_results_20260916_t1d\t1d_dotatod15_lr005_100ep_s48n\results.csv,
T1-d,dota->dota15,t1d_dotatod15_lr005_100ep_s48n,48,lr005_100ep,premium_val_minus_test_pp,-16.5570,D:\deepseek\analysis\A_results_20260916_t1d\t1d_dotatod15_lr005_100ep_s48n\results.csv,D:\deepseek\analysis\A_results_20260916_t1d\sio_b_results.csv
T1-d,dota->dota15,t1d_dotatod15_lr005_100ep_s49n,49,lr005_100ep,test_map50_95_pp,17.0800,E:\workplace\_stage_p2pack_20260920\B_runs\t1d_dotatod15_lr005_100ep_s49n\results.csv,D:\deepseek\analysis\A_results_20260916_t1d\sio_b_results.csv
T1-d,dota->dota15,t1d_dotatod15_lr005_100ep_s50n,50,lr005_100ep,test_map50_95_pp,16.9800,E:\workplace\_stage_p2pack_20260920\B_runs\t1d_dotatod15_lr005_100ep_s50n\results.csv,D:\deepseek\analysis\A_results_20260916_t1d\sio_b_results.csv
T1-d,dota->dota15,t1d_dotatod15_lr005_100ep_s51n,51,lr005_100ep,test_map50_95_pp,17.1600,E:\workplace\_stage_p2pack_20260920\B_runs\t1d_dotatod15_lr005_100ep_s51n\results.csv,D:\deepseek\analysis\A_results_20260916_t1d\sio_b_results.csv
T2,mask->mendeley,t2_mask2mende_base100_s42n,42,base100,test_map50_95_pp,70.0603,"B machine re-evaluation 2026-10-02 (work/g6_perepoch_eval.py, G6 convention)",D:\deepseek\analysis\A_results_20260916_t1d\sio_b_results.csv
T2,mask->mendeley,t2_mask2mende_base100_s43n,43,base100,test_map50_95_pp,70.4800,,E:\workplace\xeval_20260916\sio_b_results_pod.csv
T2,mask->mendeley,t2_mask2mende_base100_s44n,44,base100,test_map50_95_pp,71.3100,,E:\workplace\xeval_20260916\sio_b_results_pod.csv
T2,mask->mendeley,t2_mask2mende_base100_s45n,45,base100,test_map50_95_pp,69.8200,,E:\workplace\xeval_20260916\sio_b_results_pod.csv
T2,mask->mendeley,t2_mask2mende_base100_s46n,46,base100,test_map50_95_pp,69.7900,,E:\workplace\xeval_20260916\sio_b_results_pod.csv
T2,mask->mendeley,t2_mask2mende_lr005_100ep_s42n,42,lr005_100ep,test_map50_95_pp,68.8500,,E:\workplace\xeval_20260916\sio_b_results_pod.csv
T2,mask->mendeley,t2_mask2mende_lr005_100ep_s43n,43,lr005_100ep,test_map50_95_pp,69.2800,,E:\workplace\xeval_20260916\sio_b_results_pod.csv
T2,mask->mendeley,t2_mask2mende_lr005_100ep_s44n,44,lr005_100ep,test_map50_95_pp,68.4100,,E:\workplace\xeval_20260916\sio_b_results_pod.csv
T2,mask->mendeley,t2_mask2mende_lr005_100ep_s45n,45,lr005_100ep,test_map50_95_pp,68.5800,,E:\workplace\xeval_20260916\sio_b_results_pod.csv
T2,mask->mendeley,t2_mask2mende_lr005_100ep_s46n,46,lr005_100ep,test_map50_95_pp,68.8900,,E:\workplace\xeval_20260916\sio_b_results_pod.csv
T1-d,dota->dota15,t1d_dotatod15_base100_s49n,49,base100,premium_val_pp,0.7610,E:\workplace\t1d_valext_20261002\runs,
T1-d,dota->dota15,t1d_dotatod15_base100_s49n,49,base100,premium_val_minus_test_pp,-15.5490,E:\workplace\t1d_valext_20261002\runs,D:\deepseek\analysis\A_results_20260916_t1d\sio_b_results.csv
T1-d,dota->dota15,t1d_dotatod15_base100_s50n,50,base100,premium_val_pp,0.9800,E:\workplace\t1d_valext_20261002\runs,
T1-d,dota->dota15,t1d_dotatod15_base100_s50n,50,base100,premium_val_minus_test_pp,-15.4700,E:\workplace\t1d_valext_20261002\runs,D:\deepseek\analysis\A_results_20260916_t1d\sio_b_results.csv
T1-d,dota->dota15,t1d_dotatod15_base100_s51n,51,base100,premium_val_pp,0.8950,E:\workplace\t1d_valext_20261002\runs,
T1-d,dota->dota15,t1d_dotatod15_base100_s51n,51,base100,premium_val_minus_test_pp,-15.4450,E:\workplace\t1d_valext_20261002\runs,D:\deepseek\analysis\A_results_20260916_t1d\sio_b_results.csv
T1-d,dota->dota15,t1d_dotatod15_lr005_100ep_s49n,49,lr005_100ep,premium_val_pp,0.3890,E:\workplace\t1d_valext_20261002\runs,
T1-d,dota->dota15,t1d_dotatod15_lr005_100ep_s49n,49,lr005_100ep,premium_val_minus_test_pp,-16.6910,E:\workplace\t1d_valext_20261002\runs,D:\deepseek\analysis\A_results_20260916_t1d\sio_b_results.csv
T1-d,dota->dota15,t1d_dotatod15_lr005_100ep_s50n,50,lr005_100ep,premium_val_pp,0.4520,E:\workplace\t1d_valext_20261002\runs,
T1-d,dota->dota15,t1d_dotatod15_lr005_100ep_s50n,50,lr005_100ep,premium_val_minus_test_pp,-16.5280,E:\workplace\t1d_valext_20261002\runs,D:\deepseek\analysis\A_results_20260916_t1d\sio_b_results.csv
T1-d,dota->dota15,t1d_dotatod15_lr005_100ep_s51n,51,lr005_100ep,premium_val_pp,0.5690,E:\workplace\t1d_valext_20261002\runs,
T1-d,dota->dota15,t1d_dotatod15_lr005_100ep_s51n,51,lr005_100ep,premium_val_minus_test_pp,-16.5910,E:\workplace\t1d_valext_20261002\runs,D:\deepseek\analysis\A_results_20260916_t1d\sio_b_results.csv
