run,ckpt,levelA_pp,levelB_pp,A_minus_B_pp,source_run
dota15_base100_s42n,best,29.4292,33.6930,-4.2638,E:\workplace\g2t_g1p_20260919\g1p_levels.csv
dota15_base100_s42n,last,27.5574,31.6720,-4.1146,E:\workplace\g2t_g1p_20260919\g1p_levels.csv
dota15_base100_s43n,best,29.2028,32.5690,-3.3662,E:\workplace\g2t_g1p_20260919\g1p_levels.csv
dota15_base100_s43n,last,27.4559,31.2124,-3.7565,E:\workplace\g2t_g1p_20260919\g1p_levels.csv
dota15_base100_s44n,best,29.8816,33.3299,-3.4483,E:\workplace\g2t_g1p_20260919\g1p_levels.csv
dota15_base100_s44n,last,27.5246,31.8399,-4.3153,E:\workplace\g2t_g1p_20260919\g1p_levels.csv
dota15_base100_s45n,best,29.3459,33.8204,-4.4745,E:\workplace\g2t_g1p_20260919\g1p_levels.csv
dota15_base100_s45n,last,27.3896,31.0343,-3.6447,E:\workplace\g2t_g1p_20260919\g1p_levels.csv
dota15_base100_s46n,best,30.4114,33.2246,-2.8132,E:\workplace\g2t_g1p_20260919\g1p_levels.csv
dota15_base100_s46n,last,28.1008,31.3350,-3.2342,E:\workplace\g2t_g1p_20260919\g1p_levels.csv
dota15_base100_s47n,best,29.6672,33.5975,-3.9303,E:\workplace\g2t_g1p_20260919\g1p_levels.csv
dota15_base100_s47n,last,27.1617,31.4629,-4.3012,E:\workplace\g2t_g1p_20260919\g1p_levels.csv
dota15_base100_s48n,best,29.6533,33.1611,-3.5078,E:\workplace\g2t_g1p_20260919\g1p_levels.csv
dota15_base100_s48n,last,27.8770,31.7175,-3.8405,E:\workplace\g2t_g1p_20260919\g1p_levels.csv
dota15_base100_s49n,best,29.5355,33.3325,-3.7970,E:\workplace\g2t_g1p_20260919\g1p_levels.csv
dota15_base100_s49n,last,27.7974,31.5208,-3.7234,E:\workplace\g2t_g1p_20260919\g1p_levels.csv
dota15_base100_s50n,best,28.9900,33.0332,-4.0432,E:\workplace\g2t_g1p_20260919\g1p_levels.csv
dota15_base100_s50n,last,26.7404,30.5600,-3.8196,E:\workplace\g2t_g1p_20260919\g1p_levels.csv
dota15_base100_s51n,best,29.3242,34.0957,-4.7715,E:\workplace\g2t_g1p_20260919\g1p_levels.csv
dota15_base100_s51n,last,27.6488,31.7872,-4.1384,E:\workplace\g2t_g1p_20260919\g1p_levels.csv
dota15_lr005_100ep_s42n,best,28.4690,32.0758,-3.6068,E:\workplace\g2t_g1p_20260919\g1p_levels.csv
dota15_lr005_100ep_s42n,last,27.7443,31.2010,-3.4567,E:\workplace\g2t_g1p_20260919\g1p_levels.csv
dota15_lr005_100ep_s43n,best,28.3539,30.7540,-2.4001,E:\workplace\g2t_g1p_20260919\g1p_levels.csv
dota15_lr005_100ep_s43n,last,27.9951,31.4766,-3.4815,E:\workplace\g2t_g1p_20260919\g1p_levels.csv
dota15_lr005_100ep_s44n,best,29.3481,30.4286,-1.0805,E:\workplace\g2t_g1p_20260919\g1p_levels.csv
dota15_lr005_100ep_s44n,last,28.7944,29.8878,-1.0934,E:\workplace\g2t_g1p_20260919\g1p_levels.csv
dota15_lr005_100ep_s45n,best,29.0168,31.9207,-2.9039,E:\workplace\g2t_g1p_20260919\g1p_levels.csv
dota15_lr005_100ep_s45n,last,27.1136,31.7834,-4.6698,E:\workplace\g2t_g1p_20260919\g1p_levels.csv
dota15_lr005_100ep_s46n,best,27.0198,32.3352,-5.3154,E:\workplace\g2t_g1p_20260919\g1p_levels.csv
dota15_lr005_100ep_s46n,last,26.6351,31.5747,-4.9396,E:\workplace\g2t_g1p_20260919\g1p_levels.csv
dota15_lr005_100ep_s47n,best,28.1895,31.8633,-3.6738,E:\workplace\g2t_g1p_20260919\g1p_levels.csv
dota15_lr005_100ep_s47n,last,27.3593,31.8413,-4.4820,E:\workplace\g2t_g1p_20260919\g1p_levels.csv
dota15_lr005_100ep_s48n,best,28.0259,32.0659,-4.0400,E:\workplace\g2t_g1p_20260919\g1p_levels.csv
dota15_lr005_100ep_s48n,last,27.5486,31.6399,-4.0913,E:\workplace\g2t_g1p_20260919\g1p_levels.csv
dota15_lr005_100ep_s49n,best,28.7945,30.7820,-1.9875,E:\workplace\g2t_g1p_20260919\g1p_levels.csv
dota15_lr005_100ep_s49n,last,27.2972,29.5338,-2.2366,E:\workplace\g2t_g1p_20260919\g1p_levels.csv
dota15_lr005_100ep_s50n,best,28.3836,32.9955,-4.6119,E:\workplace\g2t_g1p_20260919\g1p_levels.csv
dota15_lr005_100ep_s50n,last,26.6475,32.1237,-5.4762,E:\workplace\g2t_g1p_20260919\g1p_levels.csv
dota15_lr005_100ep_s51n,best,28.2675,29.4213,-1.1538,E:\workplace\g2t_g1p_20260919\g1p_levels.csv
dota15_lr005_100ep_s51n,last,26.9138,30.1747,-3.2609,E:\workplace\g2t_g1p_20260919\g1p_levels.csv
