run,seed,arm,budget_epochs,epochs,split,metric,premium_val_pp,val_peak_epoch,test_best_pp,test_last_pp,prem_test_pp,WC_pp,realization_rate_pct,source_run,source_test
g4_mende3way_base100_s42n,42,base100,100,100,val,premium_val_mAP50-95_pp,8.8730,2,72.7898,69.4055,3.3843,5.4887,38.1,E:\workplace\g4_mende3way_runs\g4_mende3way_base100_s42n\results.csv,E:\workplace\g4_mende3way_20260919_g4_test.csv
g4_mende3way_base100_s43n,43,base100,100,100,val,premium_val_mAP50-95_pp,8.3090,1,73.0716,70.3709,2.7007,5.6083,32.5,E:\workplace\g4_mende3way_runs\g4_mende3way_base100_s43n\results.csv,E:\workplace\g4_mende3way_20260919_g4_test.csv
g4_mende3way_base100_s44n,44,base100,100,100,val,premium_val_mAP50-95_pp,7.7310,1,72.2042,68.4215,3.7827,3.9483,48.9,E:\workplace\g4_mende3way_runs\g4_mende3way_base100_s44n\results.csv,E:\workplace\g4_mende3way_20260919_g4_test.csv
g4_mende3way_base100_s45n,45,base100,100,100,val,premium_val_mAP50-95_pp,7.8180,1,72.6999,69.9042,2.7957,5.0223,35.8,E:\workplace\g4_mende3way_runs\g4_mende3way_base100_s45n\results.csv,E:\workplace\g4_mende3way_20260919_g4_test.csv
g4_mende3way_base100_s46n,46,base100,100,100,val,premium_val_mAP50-95_pp,7.2570,3,71.4303,68.9488,2.4815,4.7755,34.2,E:\workplace\g4_mende3way_runs\g4_mende3way_base100_s46n\results.csv,E:\workplace\g4_mende3way_20260919_g4_test.csv
g4_mende3way_base100_s47n,47,base100,100,100,val,premium_val_mAP50-95_pp,7.6080,3,72.8129,69.1465,3.6664,3.9416,48.2,E:\workplace\g4_mende3way_runs\g4_mende3way_base100_s47n\results.csv,E:\workplace\g4_mende3way_20260919_g4_test.csv
g4_mende3way_base100_s48n,48,base100,100,100,val,premium_val_mAP50-95_pp,7.5340,1,72.6112,69.5655,3.0457,4.4883,40.4,E:\workplace\g4_mende3way_runs\g4_mende3way_base100_s48n\results.csv,E:\workplace\g4_mende3way_20260919_g4_test.csv
g4_mende3way_base100_s49n,49,base100,100,100,val,premium_val_mAP50-95_pp,8.1850,1,72.6113,68.2995,4.3118,3.8732,52.7,E:\workplace\g4_mende3way_runs\g4_mende3way_base100_s49n\results.csv,E:\workplace\g4_mende3way_20260919_g4_test.csv
g4_mende3way_base100_s50n,50,base100,100,100,val,premium_val_mAP50-95_pp,8.4560,1,73.0348,69.2011,3.8337,4.6223,45.3,E:\workplace\g4_mende3way_runs\g4_mende3way_base100_s50n\results.csv,E:\workplace\g4_mende3way_20260919_g4_test.csv
g4_mende3way_base100_s51n,51,base100,100,100,val,premium_val_mAP50-95_pp,7.6710,1,72.2254,69.2953,2.9301,4.7409,38.2,E:\workplace\g4_mende3way_runs\g4_mende3way_base100_s51n\results.csv,E:\workplace\g4_mende3way_20260919_g4_test.csv
g4_mende3way_lr005_100ep_s42n,42,lr005_100ep,100,100,val,premium_val_mAP50-95_pp,9.6130,1,72.5687,67.6760,4.8927,4.7203,50.9,E:\workplace\g4_mende3way_runs\g4_mende3way_lr005_100ep_s42n\results.csv,E:\workplace\g4_mende3way_20260919_g4_test.csv
g4_mende3way_lr005_100ep_s43n,43,lr005_100ep,100,100,val,premium_val_mAP50-95_pp,9.4500,1,70.7916,67.3574,3.4342,6.0158,36.3,E:\workplace\g4_mende3way_runs\g4_mende3way_lr005_100ep_s43n\results.csv,E:\workplace\g4_mende3way_20260919_g4_test.csv
g4_mende3way_lr005_100ep_s44n,44,lr005_100ep,100,100,val,premium_val_mAP50-95_pp,6.2490,1,68.0396,67.6234,0.4162,5.8328,6.7,E:\workplace\g4_mende3way_runs\g4_mende3way_lr005_100ep_s44n\results.csv,E:\workplace\g4_mende3way_20260919_g4_test.csv
g4_mende3way_lr005_100ep_s45n,45,lr005_100ep,100,100,val,premium_val_mAP50-95_pp,8.5920,1,70.7629,68.5583,2.2046,6.3874,25.7,E:\workplace\g4_mende3way_runs\g4_mende3way_lr005_100ep_s45n\results.csv,E:\workplace\g4_mende3way_20260919_g4_test.csv
g4_mende3way_lr005_100ep_s46n,46,lr005_100ep,100,100,val,premium_val_mAP50-95_pp,8.5280,1,69.6047,67.6448,1.9599,6.5681,23.0,E:\workplace\g4_mende3way_runs\g4_mende3way_lr005_100ep_s46n\results.csv,E:\workplace\g4_mende3way_20260919_g4_test.csv
g4_mende3way_lr005_100ep_s47n,47,lr005_100ep,100,100,val,premium_val_mAP50-95_pp,9.9570,1,71.6640,66.6204,5.0436,4.9134,50.7,E:\workplace\g4_mende3way_runs\g4_mende3way_lr005_100ep_s47n\results.csv,E:\workplace\g4_mende3way_20260919_g4_test.csv
g4_mende3way_lr005_100ep_s48n,48,lr005_100ep,100,100,val,premium_val_mAP50-95_pp,7.3000,1,68.9983,67.3144,1.6839,5.6161,23.1,E:\workplace\g4_mende3way_runs\g4_mende3way_lr005_100ep_s48n\results.csv,E:\workplace\g4_mende3way_20260919_g4_test.csv
g4_mende3way_lr005_100ep_s49n,49,lr005_100ep,100,100,val,premium_val_mAP50-95_pp,12.2100,1,71.3362,67.0225,4.3137,7.8963,35.3,E:\workplace\g4_mende3way_runs\g4_mende3way_lr005_100ep_s49n\results.csv,E:\workplace\g4_mende3way_20260919_g4_test.csv
g4_mende3way_lr005_100ep_s50n,50,lr005_100ep,100,100,val,premium_val_mAP50-95_pp,7.9760,1,69.1977,66.2142,2.9835,4.9925,37.4,E:\workplace\g4_mende3way_runs\g4_mende3way_lr005_100ep_s50n\results.csv,E:\workplace\g4_mende3way_20260919_g4_test.csv
g4_mende3way_lr005_100ep_s51n,51,lr005_100ep,100,100,val,premium_val_mAP50-95_pp,7.3550,2,69.3327,66.7698,2.5629,4.7921,34.8,E:\workplace\g4_mende3way_runs\g4_mende3way_lr005_100ep_s51n\results.csv,E:\workplace\g4_mende3way_20260919_g4_test.csv
