run,arm,n_grid,prem_val_pp,prem_test_oracle_pp,prem_test_selected_pp,e_val_peak,e_test_peak,same_epoch,source_run
r10_shwd2sf_base100_3way_s42n,base,19,1.2850,1.6317,1.2150,65,75,False,E:\workplace\xeval_perepoch_20260918\matrix_perepoch.csv
r10_shwd2sf_base100_3way_s43n,base,19,1.2090,1.1140,0.5190,75,80,False,E:\workplace\xeval_perepoch_20260918\matrix_perepoch.csv
r10_shwd2sf_base100_3way_s44n,base,19,2.2920,1.0836,0.2466,55,65,False,E:\workplace\xeval_perepoch_20260918\matrix_perepoch.csv
r10_shwd2sf_base100_3way_s45n,base,19,1.5770,0.7171,0.6282,65,70,False,E:\workplace\xeval_perepoch_20260918\matrix_perepoch.csv
r10_shwd2sf_base100_3way_s46n,base,19,1.2070,1.2144,0.7159,70,85,False,E:\workplace\xeval_perepoch_20260918\matrix_perepoch.csv
r10_shwd2sf_base100_3way_s47n,base,19,1.3360,0.9459,0.6332,55,85,False,E:\workplace\xeval_perepoch_20260918\matrix_perepoch.csv
r10_shwd2sf_base100_3way_s48n,base,19,1.2690,1.0660,0.5070,65,80,False,E:\workplace\xeval_perepoch_20260918\matrix_perepoch.csv
r10_shwd2sf_base100_3way_s49n,base,19,1.3790,1.3229,1.3229,75,75,True,E:\workplace\xeval_perepoch_20260918\matrix_perepoch.csv
r10_shwd2sf_base100_3way_s50n,base,19,0.5670,1.1762,0.6364,50,75,False,E:\workplace\xeval_perepoch_20260918\matrix_perepoch.csv
r10_shwd2sf_base100_3way_s51n,base,19,1.8700,0.9636,-0.1705,90,80,False,E:\workplace\xeval_perepoch_20260918\matrix_perepoch.csv
r10_shwd2sf_lr005_100ep_3way_s42n,lr005,19,1.2990,0.6589,0.3331,85,75,False,E:\workplace\xeval_perepoch_20260918\matrix_perepoch.csv
r10_shwd2sf_lr005_100ep_3way_s43n,lr005,19,1.8740,0.7798,0.2305,85,80,False,E:\workplace\xeval_perepoch_20260918\matrix_perepoch.csv
r10_shwd2sf_lr005_100ep_3way_s44n,lr005,19,1.3820,0.2469,0.2372,90,85,False,E:\workplace\xeval_perepoch_20260918\matrix_perepoch.csv
r10_shwd2sf_lr005_100ep_3way_s45n,lr005,19,0.6180,0.2081,0.2081,75,75,True,E:\workplace\xeval_perepoch_20260918\matrix_perepoch.csv
r10_shwd2sf_lr005_100ep_3way_s46n,lr005,19,1.0630,0.6088,-0.2812,90,80,False,E:\workplace\xeval_perepoch_20260918\matrix_perepoch.csv
r10_shwd2sf_lr005_100ep_3way_s47n,lr005,19,0.7280,0.5092,-0.0155,90,70,False,E:\workplace\xeval_perepoch_20260918\matrix_perepoch.csv
r10_shwd2sf_lr005_100ep_3way_s48n,lr005,19,1.1410,0.1717,-0.5770,60,75,False,E:\workplace\xeval_perepoch_20260918\matrix_perepoch.csv
r10_shwd2sf_lr005_100ep_3way_s49n,lr005,19,0.5430,0.1545,-0.4186,90,85,False,E:\workplace\xeval_perepoch_20260918\matrix_perepoch.csv
r10_shwd2sf_lr005_100ep_3way_s50n,lr005,19,0.1630,0.2238,-0.3089,75,85,False,E:\workplace\xeval_perepoch_20260918\matrix_perepoch.csv
r10_shwd2sf_lr005_100ep_3way_s51n,lr005,19,0.4900,0.6484,-0.1471,90,85,False,E:\workplace\xeval_perepoch_20260918\matrix_perepoch.csv
r10_smoke2sf_base100_3way_s42n,base,19,1.0520,1.2664,1.2664,80,80,True,E:\workplace\xeval_perepoch_20260918\matrix_perepoch.csv
r10_smoke2sf_base100_3way_s43n,base,19,0.5380,1.1256,-0.5687,90,85,False,E:\workplace\xeval_perepoch_20260918\matrix_perepoch.csv
r10_smoke2sf_base100_3way_s44n,base,19,0.1250,0.9672,0.8974,80,60,False,E:\workplace\xeval_perepoch_20260918\matrix_perepoch.csv
r10_smoke2sf_base100_3way_s45n,base,19,1.5590,1.2699,0.6053,65,70,False,E:\workplace\xeval_perepoch_20260918\matrix_perepoch.csv
r10_smoke2sf_base100_3way_s46n,base,19,0.5130,1.0968,1.0968,85,85,True,E:\workplace\xeval_perepoch_20260918\matrix_perepoch.csv
r10_smoke2sf_base100_3way_s47n,base,19,1.0340,1.2359,1.2359,65,65,True,E:\workplace\xeval_perepoch_20260918\matrix_perepoch.csv
r10_smoke2sf_base100_3way_s48n,base,19,0.7470,1.0010,0.6193,70,85,False,E:\workplace\xeval_perepoch_20260918\matrix_perepoch.csv
r10_smoke2sf_base100_3way_s49n,base,19,0.4070,0.6244,0.6244,75,75,True,E:\workplace\xeval_perepoch_20260918\matrix_perepoch.csv
r10_smoke2sf_base100_3way_s50n,base,19,1.4560,0.4423,0.0526,85,80,False,E:\workplace\xeval_perepoch_20260918\matrix_perepoch.csv
r10_smoke2sf_base100_3way_s51n,base,19,0.0000,0.7927,0.0000,95,85,False,E:\workplace\xeval_perepoch_20260918\matrix_perepoch.csv
r10_smoke2sf_lr005_100ep_3way_s42n,lr005,19,0.5810,0.5199,-0.0366,75,80,False,E:\workplace\xeval_perepoch_20260918\matrix_perepoch.csv
r10_smoke2sf_lr005_100ep_3way_s43n,lr005,19,2.0730,0.4081,0.4081,85,85,True,E:\workplace\xeval_perepoch_20260918\matrix_perepoch.csv
r10_smoke2sf_lr005_100ep_3way_s44n,lr005,19,0.6680,0.0498,-0.4656,75,85,False,E:\workplace\xeval_perepoch_20260918\matrix_perepoch.csv
r10_smoke2sf_lr005_100ep_3way_s45n,lr005,19,0.6020,0.4432,0.1934,85,70,False,E:\workplace\xeval_perepoch_20260918\matrix_perepoch.csv
r10_smoke2sf_lr005_100ep_3way_s46n,lr005,19,1.1190,0.4541,-0.5331,90,80,False,E:\workplace\xeval_perepoch_20260918\matrix_perepoch.csv
r10_smoke2sf_lr005_100ep_3way_s47n,lr005,19,1.3080,0.0525,-0.5076,80,85,False,E:\workplace\xeval_perepoch_20260918\matrix_perepoch.csv
r10_smoke2sf_lr005_100ep_3way_s48n,lr005,19,0.6840,0.0000,-0.4666,60,95,False,E:\workplace\xeval_perepoch_20260918\matrix_perepoch.csv
r10_smoke2sf_lr005_100ep_3way_s49n,lr005,19,0.4640,0.1100,-1.3677,55,75,False,E:\workplace\xeval_perepoch_20260918\matrix_perepoch.csv
r10_smoke2sf_lr005_100ep_3way_s50n,lr005,19,1.0340,0.3170,-0.1106,75,85,False,E:\workplace\xeval_perepoch_20260918\matrix_perepoch.csv
r10_smoke2sf_lr005_100ep_3way_s51n,lr005,19,0.0000,0.5336,0.0000,95,80,False,E:\workplace\xeval_perepoch_20260918\matrix_perepoch.csv
