cell,pair,role,measurement,n,seed_min,seed_max,mean_delta_pp,sd_pp,paired_t,p,signs,permutation_floor,source_run
T1-a,dota15->aitod,,test_checkpoint_on_the_run_split,10,42,51,0.1470,0.2559,1.816,0.1027,6+/4-,0.001953,D:\deepseek\analysis\A_results_20260914\runs  +  E:\workplace\xeval_20260916\sio_b_results_pod.csv + D:\deepseek\analysis\A_results_20260916_t1d\sio_b_results.csv
T1-a,dota15->aitod,,premium_val_max_minus_final,10,42,51,-0.0514,0.0793,-2.050,0.07059,4+/6-,0.001953,D:\deepseek\analysis\A_results_20260914\runs  +  E:\workplace\xeval_20260916\sio_b_results_pod.csv + D:\deepseek\analysis\A_results_20260916_t1d\sio_b_results.csv
T1-b,aitod->visdrone,,test_checkpoint_on_the_run_split,10,42,51,0.1680,0.1192,4.455,0.001588,10+/0-,0.001953,E:\workplace\_stage_p2pack_20260920\B_runs  +  E:\workplace\xeval_20260916\sio_b_results_pod.csv + D:\deepseek\analysis\A_results_20260916_t1d\sio_b_results.csv
T1-b,aitod->visdrone,,premium_val_max_minus_final,10,42,51,0.0554,0.1268,1.381,0.2005,7+/3-,0.001953,E:\workplace\_stage_p2pack_20260920\B_runs  +  E:\workplace\xeval_20260916\sio_b_results_pod.csv + D:\deepseek\analysis\A_results_20260916_t1d\sio_b_results.csv
T1-c,visdrone->dota15,,test_checkpoint_on_the_run_split,10,42,51,3.7270,0.2692,43.774,8.464e-12,10+/0-,0.001953,E:\workplace\_stage_p2pack_20260920\B_runs  +  E:\workplace\xeval_20260916\sio_b_results_pod.csv + D:\deepseek\analysis\A_results_20260916_t1d\sio_b_results.csv
T1-c,visdrone->dota15,,premium_val_max_minus_final,10,42,51,-0.2142,0.2066,-3.279,0.00955,2+/8-,0.001953,E:\workplace\_stage_p2pack_20260920\B_runs  +  E:\workplace\xeval_20260916\sio_b_results_pod.csv + D:\deepseek\analysis\A_results_20260916_t1d\sio_b_results.csv
T1-d,dota->dota15,control C,test_checkpoint_on_the_run_split,10,42,51,0.7270,0.1219,18.854,1.527e-08,10+/0-,0.001953,D:\deepseek\analysis\A_results_20260916_t1d (s49-51: E:\workplace\_stage_p2pack_20260920\B_runs)  +  E:\workplace\xeval_20260916\sio_b_results_pod.csv + D:\deepseek\analysis\A_results_20260916_t1d\sio_b_results.csv
T1-d,dota->dota15,control C,premium_val_max_minus_final,10,42,51,-0.4056,0.1564,-8.201,1.81e-05,0+/10-,0.001953,D:\deepseek\analysis\A_results_20260916_t1d (s49-51: E:\workplace\t1d_valext_20261002\runs)  +  E:\workplace\xeval_20260916\sio_b_results_pod.csv + D:\deepseek\analysis\A_results_20260916_t1d\sio_b_results.csv
T2,mask->mendeley,saturated control,test_checkpoint_on_the_run_split,5,42,46,-0.9020,1.6675,-1.210,0.2931,1+/4-,0.062500,(无逐 run 归档)  +  E:\workplace\xeval_20260916\sio_b_results_pod.csv + D:\deepseek\analysis\A_results_20260916_t1d\sio_b_results.csv
