cell,epoch,val_arm_diff,test_arm_diff,dgap,sign
shwd2sf,5,12.6452,8.1707,4.4745,positive
shwd2sf,10,9.3724,6.2424,3.1300,positive
shwd2sf,15,7.1561,4.2990,2.8571,positive
shwd2sf,20,5.2837,3.6061,1.6776,positive
shwd2sf,25,4.0077,3.1206,0.8871,positive
shwd2sf,30,4.0134,2.3017,1.7117,positive
shwd2sf,35,3.5282,1.8822,1.6460,positive
shwd2sf,40,2.4022,1.5164,0.8858,positive
shwd2sf,45,3.1011,1.1872,1.9139,positive
shwd2sf,50,1.7619,0.5022,1.2597,positive
shwd2sf,55,1.3147,0.3578,0.9569,positive
shwd2sf,60,0.8526,0.4488,0.4038,positive
shwd2sf,65,1.2963,0.1600,1.1363,positive
shwd2sf,70,1.2288,-0.1821,1.4109,positive
shwd2sf,75,0.5435,-0.3417,0.8852,positive
shwd2sf,80,0.4035,-0.4562,0.8597,positive
shwd2sf,85,0.1446,-0.5125,0.6571,positive
shwd2sf,90,-0.1908,-0.9867,0.7959,positive
shwd2sf,95,-0.3289,-1.1921,0.8632,positive
smoke2sf,5,-5.5739,-1.1197,-4.4542,negative
smoke2sf,10,1.9511,3.0404,-1.0893,negative
smoke2sf,15,2.5773,2.6353,-0.0580,negative
smoke2sf,20,2.7011,1.9993,0.7018,positive
smoke2sf,25,2.8188,1.4034,1.4154,positive
smoke2sf,30,1.9228,1.3251,0.5977,positive
smoke2sf,35,1.6908,0.5712,1.1196,positive
smoke2sf,40,1.1058,0.0134,1.0924,positive
smoke2sf,45,0.5787,0.1422,0.4365,positive
smoke2sf,50,0.1014,-0.5194,0.6208,positive
smoke2sf,55,0.4959,-0.8425,1.3384,positive
smoke2sf,60,-0.1756,-1.0507,0.8751,positive
smoke2sf,65,-0.1091,-0.9623,0.8532,positive
smoke2sf,70,-0.3522,-1.4308,1.0786,positive
smoke2sf,75,-0.4354,-1.3737,0.9383,positive
smoke2sf,80,-0.3835,-1.4452,1.0617,positive
smoke2sf,85,-0.8982,-1.4531,0.5549,positive
smoke2sf,90,-0.5859,-2.0873,1.5014,positive
smoke2sf,95,-0.8998,-2.1324,1.2326,positive
