path,sha256,bytes,description
01_paper/P2_English_v0.1.md,c28ea76e3ed9ea6515d394287cc7f5ab1c9c244e8ae51fbe576fa8d66e9f9edc,79493,"article (working form)"
01_paper/P2_English_submission_blind_v1.md,74b9f9e5a3db136d243e72576c7a60c85c5b590d7160a98d26d22194e3436adb,77831,"article (anonymised submission form)"
01_paper/P2_English_v0.1.pdf,511146e9dc26726e8acee56441f62a1bd510176280f570133fe7ed10a7fb6f7e,732487,"article PDF as built"
01_paper/P2_Supplementary_English_v0.1.md,1eda9058500c1c0ce6123fe83b1ff5b5f00b89e88853e7e648b3c1bd2e86515e,128431,"supplementary material (English, authoritative artefact)"
01_paper/P2_Supplementary_English_v0.1.pdf,5528057508ddf9fbf55bcae44889915907ad1311490411ce206bd74ac2997ac8,5617701,"supplementary PDF as built"
01_paper/P2_补充材料.md,2b33535db3144929a94b52260f7a05ecd186036d19075e16daaa06ecaabe1a43,49271,"supplementary material (Chinese source record)"
01_paper/评测有效性稿_正文_v0.1.md,5e84c5807d1212e71e1d4b8abf5e64dee166ade37d06cac59fe40989f35db50f,94480,"governing Chinese draft"
02_release_data/P2_X3_perepoch_test-sweep_806-evals.csv,b75c534509d8a62e004baa00b5d7ef587eace34a0bf4a5e48c8fe13dc58a9c99,140886,"the 806-checkpoint per-epoch sweep (§8.7)"
02_release_data/P2_T1_registered-replication_long.csv,fe562cee544751fd5f98b0255171ec89d2570f0c71e9590970aa400f3d376e41,50119,"the 90-run registered replication, long form (§9)"
02_release_data/matrix_perepoch.csv,a1765d1467431e98062a640a8cb7240e5a0afc411801ff44605c757edf71a070,65637,"per-epoch (val,test) matrix; the 806 rows of §8.7"
02_release_data/xeval_analysis_20260916.txt,b105b128cb85b80b1f260c0887240215fa5ff6a52da959423cd1640295dc284e,8534,"2x2 evaluation matrix × archive (§8.6)"
02_release_data/check_seed_convention.py,c8cef08fb87c7868d1263f508d3dac4731a4076df1a1eb271afa8ddc2ba11bc7,3658,"seed-convention check (§9) — the script that produced the verified claim"
02_release_data/g1p_verdict_20260919.txt,83cd80998c9c6b6fff4919155ced736179317820389138cf137c8b572d0b2d92,1973,"G1' verdict (§13.1)"
02_release_data/g2_and_g1p_verdict_20260919.txt,078c870550e59068acbe8b47517568c4f35bda747a56e2817feb308deb3208cb,6644,"G2 + G1-prime verdict (§13.1)"
02_release_data/g3ext_verdict_20260919.txt,60c209f2562862db333b7034c386e2083c82368e594fb6ddd6be109d3d94d5c3,949,"E = 50/400 extension verdicts (§13.1)"
02_release_data/g1pp_g3_g4_verdicts_20260919.txt,e6a8c19279144402c50ce5ed40f75098f74d0aab131d110fd17e9db9ceeac75c,3607,"G1″, G3, G4 verdicts (§13.1)"
02_release_data/theory_p3a_correct_20260919.txt,c9690e325d4cdc74777ccdc58a5af78b9f44832e9fa4e1324a5bb84070f0a779,2482,"perturbation analysis (§13 Prop. 3)"
02_release_data/theory_p4_test_20260919.txt,9d94a12106a1a8b0276a9cfd8b77a4351ede6dd553c1898e3f9267c7ed01aceb,1808,"the withdrawn σ√(2 ln E) regression (§13 Prop. 4)"
02_release_data/x10_alias_audit.txt,d8cd1552f22dee46c818ebdf85fd644aaf84824549671440b5dc0d57f2d134ca,3302,"val-side alias bias, per cell (§9)"
02_release_data/selection_premium_local_20260916.txt,89082c23beb83101b61be9ea664a6e4126a0dab5a9e94753a30056255ddc65d7,2470,"the 569 published runs behind §5 (primary evidence of the selection premium)"
02_release_data/verify_two_critiques_20260916.txt,06bff6f01a3a21757edf51b3015c154026524fb4b5c625bab0e957370ec52c31,7986,"the two external critiques of §5.4, one refuted and one judged non-identifiable"
02_release_data/_r10_stats_0403.txt,6de96a823b4134b6fc50266ff8b394af5c618164ef9faf028827f93b5b66ef5c,12556,"r10 three-way statistics (§9.4)"
02_release_data/_r10_final_stats.txt,85e7860a6c85ed851335eca4ea14f2bac0affdedc481eb9f6fa654ea877429ca,9088,"r10 final statistics (§9.4)"
02_release_data/sio_b_results.csv,9bb4f3b2f695a1eca25ebbda947682aba0ce8e7dd8d724f1795352fea8ae8c7c,29832,"the archived sio_b readout that §5.6 reproduces to 0.0046 pp (same md5 as the author-side copy)"
02_release_data/matrix.csv,77970d01a3b860aee107d1bcd75c88dd16ab1bd7271ff63f8ac0eedc3fd8ba34,13074,"the 2x2 evaluation matrix per arm-cell (§8.6, Table 4)"
02_release_data/curve.csv,c81ef91d20ed73fc7c8b2677610ba301fe44e47cf5fe23115c8f0ffc6eb0adb6,14844,"the per-epoch curve (κ, transfer rate)"
02_release_data/selection_premium_local.py,d7abdaca97a090d78c375ef7dd524717e945c87377e0aa2cf0b4fa5798513f2f,5549,"the script that produced the 569-run reading"
02_release_data/verify_two_critiques_20260916.py,91e35c9327ef5633e7902a9b2df8a88ed346a8bea68cf2a979c5e25a4c179c8d,10063,"the two-critique verification script"
02_release_data/sio_b_file_list.txt,b27c0d0bd9b3fae91d02e0a0e18392413d68fea3d740f95c0073e926def72a2f,10643,"SHA-256 list of the 84 archived files of §5.6"
02_release_data/perepoch_file_list.txt,c1ef78e2f0fc6de872cc892ee7d8d33784e520c8b295dd47ac9794e74887e23b,86,"SHA-256 list of the per-epoch (806-checkpoint) evaluation"
02_release_data/x1_tier2_file_list.txt,384e4175f3021d8d0a701321c48a29957ecfb3d93b32bd08f5d06bc13f666c9c,10943,"SHA-256 list of the escalated Tier-2 cell evaluations (§5.1)"
03_framework_audit/_xframe_SHA256SUMS.txt,a09cc95c731ae781bb947fadae02e8a8eb7f7f7d0ccd91642497694af098645c,5613,"pinned-commit framework configuration files: hashes"
03_framework_audit/xeval_curve_analysis_20260916.txt,722b55b9aa1aba11b2a2b15a3b5388f6aeb9d8c47d0497244438890185902dff,4147,"curve analysis (κ, transfer)"
04_verification/audit_anchors_fupaper.py,d357dc4d00d1410183062d549dbf3c9c717a80818103f4e8e1c22f2fa17b71f0,47873,"the 291 audit anchors"
04_verification/verify_split_claims_20260917.py,3b61bc07720a35e0d50a6579862e743f45709407abf5ccf925f45ce3a3ee552f,5433,"split-claim guard"
04_verification/verify_no_number_lost_20260917.py,899d8ddba8ee73ca1407c67ff0bf6b1df6f3921d604d59b04c15899a5da1f6ee,15785,"no-number-lost guard"
04_verification/verify_compression_20260917.py,ad3c8d152a4773bbe4188c726658971582b38f312f7e2f65f4504d1ea1d6ecf5,33418,"compression-attribution guard"
04_verification/verify_consistency_guards_20260917.py,0dffbee128991f1d0a48d9e0c48f2023780c6fda88074753341bea013a2ced16,13312,"consistency guards"
04_verification/verify_submission_pack_20260917.py,7758fc726462f3175e2939a511e9e5f6eeb321f5cf9c1fd62b934165e5bd63e6,5566,"submission-pack check"
04_verification/verify_pr_forms_20260917.py,fed99a4a54f73898b980437210a8355e057bb06c9f6a5e2f5d4fefb0f7412b2f,7954,"venue form requirements"
04_verification/run_sweep_20260919.py,bac56e9a566e6222fe7cdf7f49e9f0f5e0112a329822fc998ecdf87f8d64318e,5462,"runs the whole verification sweep"
04_verification/measure_pages_pr_official_20260920.py,a1c5897f89adc5f1e07f32ee1feed5fa89df118496a9bbd6b0af2744c1af4f57,6365,"page count in the venue geometry"
04_verification/remeasure_official_20260920.py,0c54e25a1c23de678c2d08ea795c7d5d75c335bebf6f5d2c71999a5ecde786ff,5391,"page count with its positive control"
04_verification/prelaunch_cite_guard_20260920.py,e60ad9ab62daaf1a53b83eeed39ea7a5f428d3e26d043784fd76227161b97283,2931,"first-mention citation guard"
04_verification/audit_anchor_scope_20260917.py,d9a5a943dcdaf56dea348d5236622e14094ea5b28a2c504ded32f7c337246f5c,4585,"anchor scope audit"
04_verification/audit_panel_integrity_20260917.py,328df5f9f02257459e282db24117ee80902970b80cc0dbc3aab6dd2d9f8d601e,8334,"panel-integrity audit"
04_verification/write_x10_into_paper_20260918.py,f9583fd9e9fac5b6554c4123770682c25169809231e804f72786e30b3ef049fc,8499,"how the §9 alias-bias numbers were written in"
04_verification/x10_alias_audit_20260918.py,e332fa530aa21b7bcf2c70ce8a91e188171ba4082a64a4fb0f3b741ecff91ed7,7444,"the alias-bias audit script (reads every per-run results.csv)"
04_verification/x2b_kappa_arms_20260918.py,5c517f24b6e19295bfcbde1cb947506e139160c312679cb294794d7f531737d2,8238,"κ per arm + run-level bootstrap (§8.6/§8.7)"
04_verification/x3b_perepoch_corrected_20260918.py,69c8a5ced19bf111b34d6a31a311fe10e466263ff645435531fd66b336ec58e1,16543,"the complete per-epoch κ (806 points)"
04_verification/gen_round_stages_20260917.py,18fe4c30d2ed385cf5afbd5dac12f88657d7cb41dcf5ddd8a1fcdc2a0291fe2c,6822,"builds the change-attribution record"
04_verification/round_stages_20260917.json,a90953c61f5453ab4502c700ae958cf50a66c350e125ba14516db9405c992872,77973,"the recorded per-round attribution of every numeric change"
04_verification/measurement_official.json,ce2fa44f7ea36d38fe0f6e033e5da5f7340beac2736e79aa2f97a5746c8c2c7e,1183,"page measurement + positive control"
