run,ckpt,epoch,split,map50_95,map50,mp,mr,n_images,secs
r10_aitod20_base30_3way_s42n,0,0,test,10.7886,26.4053,58.5413,27.6461,,252.6
r10_aitod20_base30_3way_s42n,5,5,test,9.9470,24.8840,48.1135,25.8001,,27.8
r10_aitod20_base30_3way_s42n,10,10,test,9.9439,25.1252,60.2290,26.5454,,13.1
r10_aitod20_base30_3way_s42n,15,15,test,9.9893,25.4953,48.1265,26.5714,,15.9
r10_aitod20_base30_3way_s42n,20,20,test,10.1827,25.4732,48.5958,26.3903,,14.1
r10_aitod20_base30_3way_s42n,25,25,test,10.5299,26.0578,61.4196,26.4394,,15.3
r10_shwd2sf_base100_3way_s42n,0,0,test,30.4848,54.0244,72.2775,47.0688,,437.6
r10_shwd2sf_base100_3way_s42n,5,5,test,36.4449,67.3314,81.0393,61.2634,,29.6
r10_shwd2sf_base100_3way_s42n,10,10,test,40.2166,70.2370,80.9645,64.6703,,47.6
r10_shwd2sf_base100_3way_s42n,15,15,test,39.7553,70.7343,80.7244,64.9562,,89.5
r10_shwd2sf_base100_3way_s42n,20,20,test,41.4845,72.6899,82.6881,67.4050,,34.0
r10_shwd2sf_base100_3way_s42n,25,25,test,41.6404,72.1081,84.7673,66.2740,,43.1
r10_shwd2sf_base100_3way_s42n,30,30,test,42.2101,72.5123,81.6144,68.3843,,29.8
r10_shwd2sf_base100_3way_s42n,35,35,test,42.5283,72.6268,81.6937,67.7715,,28.3
r10_shwd2sf_base100_3way_s42n,40,40,test,43.4434,73.9893,84.0951,69.1956,,35.2
r10_shwd2sf_base100_3way_s42n,45,45,test,42.9146,73.2166,84.3450,67.4133,,30.3
r10_shwd2sf_base100_3way_s42n,50,50,test,43.0462,73.2882,83.5418,68.3556,,35.4
r10_shwd2sf_base100_3way_s42n,55,55,test,43.2381,72.9276,83.6608,69.4652,,30.0
r10_shwd2sf_base100_3way_s42n,60,60,test,43.4737,73.4789,83.1069,69.2545,,30.8
r10_shwd2sf_base100_3way_s42n,65,65,test,43.4414,73.6007,82.8246,69.3709,,36.6
r10_shwd2sf_base100_3way_s42n,70,70,test,43.2751,72.9522,83.0640,68.4959,,59.0
r10_shwd2sf_base100_3way_s42n,75,75,test,43.8581,74.1953,83.7339,70.0725,,33.1
r10_shwd2sf_base100_3way_s42n,80,80,test,43.7441,73.8662,82.5576,70.2293,,29.0
r10_shwd2sf_base100_3way_s42n,85,85,test,43.7647,73.7064,82.6608,69.6440,,37.9
r10_shwd2sf_base100_3way_s42n,90,90,test,42.5192,72.1557,82.4496,68.5146,,27.3
r10_shwd2sf_base100_3way_s42n,95,95,test,42.2264,72.0476,85.1409,67.5198,,29.6
r10_shwd2sf_base100_3way_s43n,0,0,test,30.7766,53.8897,72.4015,47.4355,,34.3
r10_shwd2sf_base100_3way_s43n,5,5,test,37.2912,68.0275,82.2653,61.4598,,29.6
r10_shwd2sf_base100_3way_s43n,10,10,test,39.5858,69.6383,78.8994,63.8332,,31.6
r10_shwd2sf_base100_3way_s43n,15,15,test,40.2723,71.1390,79.1557,67.3125,,29.3
r10_shwd2sf_base100_3way_s43n,20,20,test,41.8677,73.2165,83.1365,67.6377,,27.7
r10_shwd2sf_base100_3way_s43n,25,25,test,42.1571,72.5297,79.6549,68.9192,,28.8
r10_shwd2sf_base100_3way_s43n,30,30,test,42.0912,72.3716,82.3087,66.7416,,25.8
r10_shwd2sf_base100_3way_s43n,35,35,test,42.4124,73.3268,80.8439,68.3492,,32.0
r10_shwd2sf_base100_3way_s43n,40,40,test,43.2056,73.2566,83.1286,68.8306,,33.9
r10_shwd2sf_base100_3way_s43n,45,45,test,42.6416,72.8389,82.0109,69.0284,,32.4
r10_shwd2sf_base100_3way_s43n,50,50,test,43.4138,73.3534,83.3925,68.5219,,29.3
r10_shwd2sf_base100_3way_s43n,55,55,test,43.5546,74.2838,83.0683,69.7067,,29.8
r10_shwd2sf_base100_3way_s43n,60,60,test,43.3225,73.5976,84.6176,68.5301,,34.2
r10_shwd2sf_base100_3way_s43n,65,65,test,43.5000,73.6883,83.1529,69.6770,,30.6
r10_shwd2sf_base100_3way_s43n,70,70,test,43.3682,73.6464,83.0574,69.3955,,29.7
r10_shwd2sf_base100_3way_s43n,75,75,test,43.4567,73.5086,82.8994,69.6442,,25.1
r10_shwd2sf_base100_3way_s43n,80,80,test,44.0517,74.2092,83.2701,70.2704,,30.0
r10_shwd2sf_base100_3way_s43n,85,85,test,43.8160,73.9694,83.4554,70.3900,,31.4
r10_shwd2sf_base100_3way_s43n,90,90,test,42.8248,72.8239,82.5838,69.6439,,33.2
r10_shwd2sf_base100_3way_s43n,95,95,test,42.9377,72.5488,83.8681,68.7203,,27.1
r10_shwd2sf_base100_3way_s44n,0,0,test,29.6466,53.5547,73.9437,47.4196,,29.9
r10_shwd2sf_base100_3way_s44n,5,5,test,37.5722,68.5407,79.7482,63.0166,,25.8
r10_shwd2sf_base100_3way_s44n,10,10,test,40.0222,70.7593,81.1369,65.5317,,38.1
r10_shwd2sf_base100_3way_s44n,15,15,test,41.0539,72.0830,80.0803,67.2904,,32.9
r10_shwd2sf_base100_3way_s44n,20,20,test,41.6006,72.3643,82.1155,67.6744,,36.0
r10_shwd2sf_base100_3way_s44n,25,25,test,42.2667,72.5243,84.2002,66.4479,,36.8
r10_shwd2sf_base100_3way_s44n,30,30,test,41.9252,72.2726,82.0590,67.3708,,34.9
r10_shwd2sf_base100_3way_s44n,35,35,test,41.5865,72.4865,81.3152,66.8843,,31.5
r10_shwd2sf_base100_3way_s44n,40,40,test,42.6536,72.3358,80.9948,67.3674,,33.7
r10_shwd2sf_base100_3way_s44n,45,45,test,43.1895,73.2839,84.2798,68.0999,,35.2
r10_shwd2sf_base100_3way_s44n,50,50,test,43.0732,73.5251,84.1266,68.4061,,33.7
r10_shwd2sf_base100_3way_s44n,55,55,test,42.5682,72.9604,83.7775,67.3943,,34.9
r10_shwd2sf_base100_3way_s44n,60,60,test,43.2555,73.1943,82.9104,68.5555,,27.1
r10_shwd2sf_base100_3way_s44n,65,65,test,43.4052,73.1546,85.5205,68.2315,,29.6
r10_shwd2sf_base100_3way_s44n,70,70,test,43.2324,72.9825,85.5046,68.3762,,26.8
r10_shwd2sf_base100_3way_s44n,75,75,test,43.3055,72.9163,84.1755,67.4307,,29.1
r10_shwd2sf_base100_3way_s44n,80,80,test,42.8495,72.5468,83.2526,68.2083,,30.4
r10_shwd2sf_base100_3way_s44n,85,85,test,43.0618,72.5711,84.6487,68.1679,,33.0
r10_shwd2sf_base100_3way_s44n,90,90,test,42.5137,71.5280,81.4109,69.0351,,31.7
r10_shwd2sf_base100_3way_s44n,95,95,test,42.3216,71.5448,83.6835,67.6740,,30.1
r10_shwd2sf_base100_3way_s45n,0,0,test,29.5524,53.5783,73.9657,45.9811,,62.3
r10_shwd2sf_base100_3way_s45n,5,5,test,37.4855,67.3444,77.8021,62.3899,,67.5
r10_shwd2sf_base100_3way_s45n,10,10,test,39.5535,69.7689,80.9042,64.0434,,32.9
r10_shwd2sf_base100_3way_s45n,15,15,test,40.6156,70.8123,79.6914,65.5533,,31.3
r10_shwd2sf_base100_3way_s45n,20,20,test,41.3195,72.2291,80.8774,66.5185,,27.5
r10_shwd2sf_base100_3way_s45n,25,25,test,41.8001,71.8812,83.7439,65.6852,,33.8
r10_shwd2sf_base100_3way_s45n,30,30,test,41.7382,72.7333,81.3066,68.5222,,30.0
r10_shwd2sf_base100_3way_s45n,35,35,test,42.4327,73.0780,82.1387,68.5328,,33.8
r10_shwd2sf_base100_3way_s45n,40,40,test,42.4232,72.7713,84.4196,67.8473,,36.2
r10_shwd2sf_base100_3way_s45n,45,45,test,43.2403,73.2350,82.7194,68.1823,,36.5
r10_shwd2sf_base100_3way_s45n,50,50,test,42.4809,72.7138,82.5833,67.6534,,28.5
r10_shwd2sf_base100_3way_s45n,55,55,test,43.3927,73.2749,81.2794,69.8273,,28.6
r10_shwd2sf_base100_3way_s45n,60,60,test,43.1506,73.2387,83.1141,68.4289,,29.7
r10_shwd2sf_base100_3way_s45n,65,65,test,43.3690,73.4188,83.4636,68.4934,,54.1
r10_shwd2sf_base100_3way_s45n,70,70,test,43.4579,73.8032,81.8446,69.9916,,28.4
r10_shwd2sf_base100_3way_s45n,75,75,test,43.0906,73.2000,82.3899,69.5933,,35.5
r10_shwd2sf_base100_3way_s45n,80,80,test,42.9113,72.9519,83.9583,68.8595,,59.8
r10_shwd2sf_base100_3way_s45n,85,85,test,43.3188,73.3187,83.4745,69.0108,,31.0
r10_shwd2sf_base100_3way_s45n,90,90,test,42.5635,71.9311,82.6279,68.2666,,29.8
r10_shwd2sf_base100_3way_s45n,95,95,test,42.7408,72.5645,84.6511,67.9172,,30.1
r10_shwd2sf_base100_3way_s46n,0,0,test,29.8321,53.0276,71.7705,46.4558,,38.1
r10_shwd2sf_base100_3way_s46n,5,5,test,37.6413,67.6007,79.5270,62.1689,,36.2
r10_shwd2sf_base100_3way_s46n,10,10,test,40.2233,70.7016,80.6828,65.4823,,62.0
r10_shwd2sf_base100_3way_s46n,15,15,test,40.7684,69.7536,78.9305,65.2419,,35.3
r10_shwd2sf_base100_3way_s46n,20,20,test,41.7278,72.3486,80.8748,67.3489,,29.4
r10_shwd2sf_base100_3way_s46n,25,25,test,41.9306,72.2172,83.4534,66.5638,,32.1
r10_shwd2sf_base100_3way_s46n,30,30,test,42.4636,72.9398,82.2221,67.7387,,35.2
r10_shwd2sf_base100_3way_s46n,35,35,test,42.2612,72.4285,84.5510,65.8935,,32.8
r10_shwd2sf_base100_3way_s46n,40,40,test,42.9108,73.4563,82.2781,68.7456,,35.3
r10_shwd2sf_base100_3way_s46n,45,45,test,43.1892,73.1753,83.5061,68.1444,,58.2
r10_shwd2sf_base100_3way_s46n,50,50,test,42.1720,72.1323,83.4828,67.2099,,36.4
r10_shwd2sf_base100_3way_s46n,55,55,test,42.8757,72.6047,82.3442,67.6058,,31.4
r10_shwd2sf_base100_3way_s46n,60,60,test,43.5931,73.4365,82.3539,69.4162,,30.5
r10_shwd2sf_base100_3way_s46n,65,65,test,43.6414,73.4056,81.5793,69.7001,,30.4
r10_shwd2sf_base100_3way_s46n,70,70,test,43.2033,73.4242,84.4882,67.9156,,31.3
r10_shwd2sf_base100_3way_s46n,75,75,test,43.4248,72.9668,82.0820,69.5425,,29.6
r10_shwd2sf_base100_3way_s46n,80,80,test,43.4883,73.5165,82.4404,69.5649,,27.2
r10_shwd2sf_base100_3way_s46n,85,85,test,43.7018,73.7638,82.1066,70.0418,,27.8
r10_shwd2sf_base100_3way_s46n,90,90,test,42.4529,71.9203,81.2178,69.2672,,30.4
r10_shwd2sf_base100_3way_s47n,0,0,test,29.9494,53.7273,73.9778,46.7225,,88.6
r10_shwd2sf_base100_3way_s49n,0,0,test,30.1311,53.1892,75.5994,45.8464,,97.9
r10_shwd2sf_base100_3way_s46n,95,95,test,42.4874,72.1636,82.7439,68.3667,,101.1
r10_shwd2sf_base100_3way_s48n,0,0,test,30.7026,54.9476,72.1658,48.8191,,74.9
r10_shwd2sf_base100_3way_s49n,5,5,test,36.6647,66.0671,77.0197,60.7365,,55.8
r10_shwd2sf_base100_3way_s48n,5,5,test,37.6201,67.8413,79.8287,61.5969,,71.9
r10_shwd2sf_base100_3way_s49n,10,10,test,39.5279,70.1949,82.5152,64.2425,,36.4
r10_shwd2sf_base100_3way_s50n,0,0,test,30.4147,54.4155,72.4592,48.4115,,93.1
r10_shwd2sf_base100_3way_s47n,5,5,test,37.8246,67.6831,81.4617,62.0442,,98.7
r10_shwd2sf_base100_3way_s48n,10,10,test,39.7155,70.3074,83.3754,64.1863,,39.8
r10_shwd2sf_base100_3way_s49n,15,15,test,40.6055,71.9228,81.6962,66.3750,,45.7
r10_shwd2sf_base100_3way_s47n,10,10,test,39.4384,69.8171,78.4894,65.0535,,59.2
r10_shwd2sf_base100_3way_s50n,5,5,test,38.3907,67.8824,80.4074,63.3009,,85.0
r10_shwd2sf_base100_3way_s49n,20,20,test,41.7527,72.2920,84.9470,65.3644,,48.5
r10_shwd2sf_base100_3way_s48n,15,15,test,40.5554,71.2660,80.0718,65.7354,,91.5
r10_shwd2sf_base100_3way_s49n,25,25,test,42.0338,72.5769,84.6713,67.2869,,39.9
r10_shwd2sf_base100_3way_s47n,15,15,test,40.0372,70.7343,81.2662,64.8517,,70.1
r10_shwd2sf_base100_3way_s48n,20,20,test,41.7670,72.7239,81.6820,69.1617,,60.1
r10_shwd2sf_base100_3way_s47n,20,20,test,41.1152,71.7146,81.3939,66.7360,,225.0
r10_shwd2sf_base100_3way_s49n,30,30,test,42.0653,71.9431,82.7110,67.6985,,196.3
r10_shwd2sf_base100_3way_s48n,25,25,test,42.2486,73.4851,82.0636,67.5946,,197.1
r10_shwd2sf_base100_3way_s50n,10,10,test,39.4107,69.9442,78.7181,65.1883,,203.7
r10_shwd2sf_base100_3way_s47n,25,25,test,41.9569,72.8539,84.1762,67.1442,,56.2
r10_shwd2sf_base100_3way_s50n,15,15,test,40.9502,70.9208,80.4230,66.8130,,62.4
r10_shwd2sf_base100_3way_s48n,30,30,test,41.8418,71.9925,81.5533,67.4813,,77.5
r10_shwd2sf_base100_3way_s49n,35,35,test,41.9638,71.8258,84.6141,66.8385,,92.2
r10_shwd2sf_base100_3way_s50n,20,20,test,42.0257,71.8941,81.0404,67.7704,,36.2
r10_shwd2sf_base100_3way_s47n,30,30,test,42.4417,73.1280,84.5841,66.9428,,70.4
r10_shwd2sf_base100_3way_s48n,35,35,test,42.4619,72.5104,81.6296,68.4669,,67.9
r10_shwd2sf_base100_3way_s50n,25,25,test,42.0587,71.9058,83.1036,66.2418,,48.9
r10_shwd2sf_base100_3way_s47n,35,35,test,42.3518,72.9169,83.2818,67.7365,,41.7
r10_shwd2sf_base100_3way_s49n,40,40,test,42.3929,72.9141,81.8712,68.9493,,86.1
r10_shwd2sf_base100_3way_s50n,30,30,test,41.8731,71.9990,81.4775,67.2011,,36.4
r10_shwd2sf_base100_3way_s48n,40,40,test,42.5627,73.1231,83.5248,67.4791,,50.2
r10_shwd2sf_base100_3way_s47n,40,40,test,42.7918,73.1853,81.6203,69.0373,,84.6
r10_shwd2sf_base100_3way_s50n,35,35,test,42.3872,72.3627,79.9855,68.7729,,64.2
r10_shwd2sf_base100_3way_s48n,45,45,test,42.8945,73.3644,82.7188,68.5926,,84.8
r10_shwd2sf_base100_3way_s47n,45,45,test,43.0507,72.9727,83.2804,67.8378,,39.8
r10_shwd2sf_base100_3way_s49n,45,45,test,42.3055,72.3461,85.1312,67.0304,,116.0
r10_shwd2sf_base100_3way_s50n,40,40,test,42.2569,72.6857,83.2730,68.0488,,45.2
r10_shwd2sf_base100_3way_s47n,50,50,test,43.0948,73.3570,83.0923,68.6681,,49.4
r10_shwd2sf_base100_3way_s48n,50,50,test,42.6206,73.0579,81.6796,68.3646,,64.7
r10_shwd2sf_base100_3way_s50n,45,45,test,42.9648,72.7838,82.5721,68.0981,,57.3
r10_shwd2sf_base100_3way_s49n,50,50,test,42.5431,72.5376,83.5169,67.0456,,84.6
r10_shwd2sf_base100_3way_s47n,55,55,test,43.4123,73.3454,84.0708,68.3434,,54.6
r10_shwd2sf_base100_3way_s50n,50,50,test,43.1177,73.5404,82.0650,69.3434,,53.7
r10_shwd2sf_base100_3way_s48n,55,55,test,42.7276,72.6660,81.5967,68.9833,,79.8
r10_shwd2sf_base100_3way_s47n,60,60,test,43.0105,72.8870,83.7408,68.8041,,66.7
r10_shwd2sf_base100_3way_s49n,55,55,test,43.1215,73.0574,82.8845,68.5485,,88.1
r10_shwd2sf_base100_3way_s50n,55,55,test,43.2315,73.0496,82.2020,68.7964,,67.6
r10_shwd2sf_base100_3way_s48n,60,60,test,42.6703,72.4830,81.2342,68.6663,,71.4
r10_shwd2sf_base100_3way_s47n,65,65,test,43.5576,73.3470,82.3077,69.9868,,45.6
r10_shwd2sf_base100_3way_s49n,60,60,test,43.3013,73.1138,83.6413,68.9937,,61.6
r10_shwd2sf_base100_3way_s50n,60,60,test,43.1968,72.8674,86.0510,67.1013,,100.0
r10_shwd2sf_base100_3way_s47n,70,70,test,43.6761,73.8936,82.8949,69.6458,,88.7
r10_shwd2sf_base100_3way_s49n,65,65,test,43.2163,72.9737,82.7108,68.7275,,69.7
r10_shwd2sf_base100_3way_s48n,65,65,test,42.9855,73.2066,83.8823,68.2111,,111.5
r10_shwd2sf_base100_3way_s50n,65,65,test,43.4885,73.4452,82.8266,69.3758,,37.8
r10_shwd2sf_base100_3way_s47n,75,75,test,43.2319,73.3053,81.6826,69.8461,,55.0
r10_shwd2sf_base100_3way_s49n,70,70,test,43.7112,73.3287,84.4191,68.5519,,74.3
r10_shwd2sf_base100_3way_s50n,70,70,test,43.5651,72.8833,84.9582,67.3522,,63.0
r10_shwd2sf_base100_3way_s48n,70,70,test,43.0865,72.7478,83.2137,68.0823,,88.4
r10_shwd2sf_base100_3way_s47n,80,80,test,43.7074,73.7025,83.2791,69.8500,,69.6
r10_shwd2sf_base100_3way_s49n,75,75,test,43.9158,73.5855,83.5947,68.9202,,50.4
r10_shwd2sf_base100_3way_s50n,75,75,test,43.6575,73.0795,83.6682,68.9133,,60.9
r10_shwd2sf_base100_3way_s48n,75,75,test,43.3903,72.8793,81.1447,69.5874,,55.2
r10_shwd2sf_base100_3way_s47n,85,85,test,43.7250,73.6543,83.5697,70.2845,,68.8
r10_shwd2sf_base100_3way_s50n,80,80,test,43.2598,72.7456,84.1724,68.2221,,67.3
r10_shwd2sf_base100_3way_s49n,80,80,test,43.3947,73.5590,83.4755,68.9763,,92.5
r10_shwd2sf_base100_3way_s48n,80,80,test,43.5445,73.2573,81.3228,70.0741,,63.9
r10_shwd2sf_base100_3way_s50n,85,85,test,43.3597,72.8993,83.5456,68.7092,,79.6
r10_shwd2sf_base100_3way_s47n,90,90,test,43.1731,72.9602,85.1885,68.3520,,115.2
r10_shwd2sf_base100_3way_s49n,85,85,test,43.7498,74.0113,84.3404,69.4958,,92.0
r10_shwd2sf_base100_3way_s48n,85,85,test,43.2846,73.3018,84.3591,68.8104,,97.2
r10_shwd2sf_base100_3way_s50n,90,90,test,42.3391,71.3362,83.7253,67.3169,,37.4
r10_shwd2sf_base100_3way_s50n,95,95,test,42.4813,71.4891,84.6177,67.3589,,71.1
r10_shwd2sf_base100_3way_s49n,90,90,test,42.7252,72.5659,82.3598,68.9095,,92.0
r10_shwd2sf_base100_3way_s47n,95,95,test,42.7791,72.6470,83.9669,68.3639,,110.5
r10_shwd2sf_base100_3way_s48n,90,90,test,42.1985,72.0059,85.3884,66.5603,,102.8
r10_shwd2sf_lr005_100ep_3way_s44n,0,0,test,30.2069,55.0612,78.2582,47.1735,,33.4
r10_shwd2sf_base100_3way_s51n,0,0,test,30.0872,54.3008,73.0944,48.2409,,105.3
r10_shwd2sf_base100_3way_s49n,95,95,test,42.5929,72.2621,84.8203,67.9602,,135.8
r10_shwd2sf_lr005_100ep_3way_s44n,5,5,test,29.6993,59.6757,71.5744,56.5810,,108.7
r10_shwd2sf_base100_3way_s48n,95,95,test,42.4785,72.1590,84.5902,67.0962,,122.8
r10_shwd2sf_base100_3way_s51n,5,5,test,38.1446,67.1611,80.0795,61.1151,,27.4
r10_shwd2sf_lr005_100ep_3way_s43n,0,0,test,28.8318,56.2572,72.2510,50.8457,,126.2
r10_shwd2sf_lr005_100ep_3way_s42n,0,0,test,26.2972,50.5153,72.0952,45.7509,,100.1
r10_shwd2sf_lr005_100ep_3way_s44n,10,10,test,34.0047,65.8252,80.2766,59.8730,,144.4
r10_shwd2sf_base100_3way_s51n,10,10,test,40.1611,69.6670,82.2822,63.9499,,124.3
r10_shwd2sf_lr005_100ep_3way_s43n,5,5,test,30.7469,60.0787,71.3323,57.5392,,46.5
r10_shwd2sf_lr005_100ep_3way_s42n,5,5,test,31.5171,62.2980,75.7864,58.0864,,72.4
r10_shwd2sf_base100_3way_s51n,15,15,test,38.6551,70.1147,81.0216,64.0046,,53.9
r10_shwd2sf_lr005_100ep_3way_s44n,15,15,test,37.0403,67.5213,78.6426,62.7377,,85.5
r10_shwd2sf_lr005_100ep_3way_s43n,10,10,test,33.7478,62.8302,73.3716,58.9504,,75.0
r10_shwd2sf_base100_3way_s51n,20,20,test,41.1528,72.3347,78.3063,69.1094,,75.8
r10_shwd2sf_lr005_100ep_3way_s42n,10,10,test,34.0041,63.0798,74.3731,59.5770,,82.5
r10_shwd2sf_lr005_100ep_3way_s43n,15,15,test,36.2429,66.4885,77.0635,62.3488,,58.4
r10_shwd2sf_lr005_100ep_3way_s44n,20,20,test,37.6066,67.1470,75.3295,63.1902,,90.3
r10_shwd2sf_base100_3way_s51n,25,25,test,41.5313,71.2432,81.8762,66.3460,,55.5
r10_shwd2sf_lr005_100ep_3way_s42n,15,15,test,36.2369,65.9330,76.9181,61.5636,,69.3
r10_shwd2sf_lr005_100ep_3way_s43n,20,20,test,38.4250,68.1130,77.0156,64.7467,,49.7
r10_shwd2sf_lr005_100ep_3way_s44n,25,25,test,40.1317,70.1697,80.6166,65.0768,,41.3
r10_shwd2sf_lr005_100ep_3way_s43n,25,25,test,39.2508,68.7707,78.7477,63.8646,,97.1
r10_shwd2sf_base100_3way_s51n,30,30,test,41.7285,72.5846,80.8801,68.0367,,126.9
r10_shwd2sf_lr005_100ep_3way_s42n,20,20,test,38.7581,68.3525,80.9104,62.4503,,136.0
r10_shwd2sf_lr005_100ep_3way_s44n,30,30,test,41.0680,72.4896,82.9472,67.5906,,127.6
r10_shwd2sf_lr005_100ep_3way_s43n,30,30,test,39.2750,69.6658,84.6533,64.1223,,48.9
r10_shwd2sf_base100_3way_s51n,35,35,test,42.4462,72.5433,81.5542,68.2677,,78.4
r10_shwd2sf_lr005_100ep_3way_s43n,35,35,test,40.6280,70.7612,82.4119,65.0132,,50.3
r10_shwd2sf_lr005_100ep_3way_s44n,35,35,test,40.5773,69.7739,78.5295,65.8466,,89.0
r10_shwd2sf_lr005_100ep_3way_s42n,25,25,test,39.4487,70.3510,80.1001,64.8528,,106.8
r10_shwd2sf_lr005_100ep_3way_s43n,40,40,test,40.6667,71.3363,77.4630,66.7529,,47.3
r10_shwd2sf_lr005_100ep_3way_s44n,40,40,test,41.8078,72.5297,82.8705,67.3311,,50.1
r10_shwd2sf_base100_3way_s51n,40,40,test,42.6056,73.1298,81.5572,68.8442,,90.7
r10_shwd2sf_lr005_100ep_3way_s43n,45,45,test,41.8238,72.0193,83.4565,66.3398,,43.3
r10_shwd2sf_lr005_100ep_3way_s43n,50,50,test,41.5614,72.1607,82.9145,66.0079,,52.8
r10_shwd2sf_lr005_100ep_3way_s42n,30,30,test,39.1373,69.2985,79.5010,63.7076,,100.9
r10_shwd2sf_base100_3way_s51n,45,45,test,42.3723,73.0172,83.4623,67.8567,,71.9
r10_shwd2sf_lr005_100ep_3way_s44n,45,45,test,42.8601,72.5915,81.6152,68.5050,,81.0
r10_shwd2sf_lr005_100ep_3way_s43n,55,55,test,42.5489,72.6565,83.7282,67.6274,,29.9
r10_shwd2sf_lr005_100ep_3way_s43n,60,60,test,42.6840,72.7988,82.4813,68.5492,,59.4
r10_shwd2sf_base100_3way_s51n,50,50,test,42.0201,72.5262,80.2592,68.7014,,94.6
r10_shwd2sf_lr005_100ep_3way_s42n,35,35,test,39.8830,70.0021,78.6374,65.4594,,110.5
r10_shwd2sf_lr005_100ep_3way_s44n,50,50,test,42.4141,72.5407,82.7562,67.6559,,105.2
r10_shwd2sf_lr005_100ep_3way_s43n,65,65,test,43.4239,73.1058,82.7794,68.0576,,59.8
r10_shwd2sf_base100_3way_s51n,55,55,test,43.2898,73.9466,81.9644,70.1595,,49.8
r10_shwd2sf_lr005_100ep_3way_s42n,40,40,test,40.7459,70.8588,84.2392,64.5807,,72.1
r10_shwd2sf_lr005_100ep_3way_s43n,70,70,test,43.4964,73.2456,85.0744,68.2506,,54.5
r10_shwd2sf_base100_3way_s51n,60,60,test,42.4470,72.6593,82.8567,68.5921,,87.5
r10_shwd2sf_lr005_100ep_3way_s44n,55,55,test,43.0538,73.9558,83.4390,68.4361,,120.8
r10_shwd2sf_lr005_100ep_3way_s43n,75,75,test,43.7777,73.8448,85.0472,69.0578,,46.7
r10_shwd2sf_lr005_100ep_3way_s42n,45,45,test,41.3464,71.9114,81.5900,67.4081,,80.0
r10_shwd2sf_lr005_100ep_3way_s43n,80,80,test,44.4659,73.8703,81.6415,70.6004,,54.0
r10_shwd2sf_lr005_100ep_3way_s44n,60,60,test,42.8862,73.0875,83.1059,68.5225,,86.3
r10_shwd2sf_base100_3way_s51n,65,65,test,43.3780,73.6769,83.6125,69.6322,,90.9
r10_shwd2sf_lr005_100ep_3way_s42n,50,50,test,42.3120,72.4332,84.8520,67.0964,,80.3
r10_shwd2sf_lr005_100ep_3way_s43n,85,85,test,43.9166,73.2657,86.2964,67.9667,,58.0
r10_shwd2sf_lr005_100ep_3way_s44n,65,65,test,42.9673,73.1015,83.3116,67.8463,,53.9
r10_shwd2sf_lr005_100ep_3way_s43n,90,90,test,43.4103,72.4881,81.6260,69.8718,,92.5
r10_shwd2sf_base100_3way_s51n,70,70,test,43.3307,73.4985,82.7258,69.8220,,126.7
r10_shwd2sf_lr005_100ep_3way_s44n,70,70,test,43.7476,73.0232,83.5271,68.4599,,94.6
r10_shwd2sf_lr005_100ep_3way_s42n,55,55,test,42.0284,71.9617,83.9575,66.9987,,142.1
r10_shwd2sf_lr005_100ep_3way_s43n,95,95,test,43.6861,72.9145,83.9316,68.6475,,63.6
r10_shwd2sf_base100_3way_s51n,75,75,test,43.5927,73.5519,81.8634,70.0395,,61.5
r10_shwd2sf_lr005_100ep_3way_s44n,75,75,test,43.5439,73.1126,82.4740,69.4246,,77.9
r10_shwd2sf_lr005_100ep_3way_s42n,60,60,test,42.4596,72.7872,83.2102,68.2402,,75.6
r10_shwd2sf_lr005_100ep_3way_s47n,0,0,test,29.7706,58.0661,72.6070,53.6993,,50.1
r10_shwd2sf_base100_3way_s51n,80,80,test,43.5962,73.5471,82.5539,70.6835,,64.1
r10_shwd2sf_lr005_100ep_3way_s44n,80,80,test,43.7682,73.5346,84.1606,68.8686,,40.8
r10_shwd2sf_lr005_100ep_3way_s47n,5,5,test,25.3577,54.2372,66.8817,51.1615,,79.1
r10_shwd2sf_base100_3way_s51n,85,85,test,43.4073,73.0353,82.4721,69.7525,,79.7
r10_shwd2sf_lr005_100ep_3way_s42n,65,65,test,42.6952,72.1148,83.4371,67.1595,,103.1
r10_shwd2sf_lr005_100ep_3way_s44n,85,85,test,44.1994,73.7945,85.5599,68.8700,,88.8
r10_shwd2sf_lr005_100ep_3way_s47n,10,10,test,32.7603,61.4686,73.9123,57.7400,,40.0
r10_shwd2sf_lr005_100ep_3way_s47n,15,15,test,34.3784,65.6664,75.6266,59.0509,,47.5
r10_shwd2sf_base100_3way_s51n,90,90,test,42.4621,71.8672,83.4716,68.2795,,72.7
r10_shwd2sf_lr005_100ep_3way_s42n,70,70,test,43.1215,73.3666,82.8674,68.7045,,81.4
r10_shwd2sf_lr005_100ep_3way_s44n,90,90,test,44.1897,73.6734,83.6356,69.5925,,68.5
r10_shwd2sf_lr005_100ep_3way_s47n,20,20,test,37.8586,67.7070,78.6834,63.5404,,42.9
r10_shwd2sf_base100_3way_s51n,95,95,test,42.6326,72.0421,83.3074,68.2461,,91.5
r10_shwd2sf_lr005_100ep_3way_s47n,25,25,test,39.9272,69.9133,79.3285,64.8443,,56.1
r10_shwd2sf_lr005_100ep_3way_s42n,75,75,test,43.9264,73.7897,83.0700,70.0547,,99.1
r10_shwd2sf_lr005_100ep_3way_s44n,95,95,test,43.9525,73.4655,85.0495,67.9900,,113.4
r10_shwd2sf_lr005_100ep_3way_s45n,0,0,test,24.5349,52.6196,68.4241,48.5596,,48.5
r10_shwd2sf_lr005_100ep_3way_s47n,30,30,test,40.7228,71.5589,83.3571,66.3359,,86.6
r10_shwd2sf_lr005_100ep_3way_s42n,80,80,test,43.8111,73.5708,83.8083,69.3687,,75.3
r10_shwd2sf_lr005_100ep_3way_s45n,5,5,test,30.6911,57.6258,68.4920,53.7844,,67.8
r10_shwd2sf_lr005_100ep_3way_s48n,0,0,test,30.3770,55.7251,70.6182,49.8402,,87.5
r10_shwd2sf_lr005_100ep_3way_s47n,35,35,test,40.4245,71.1281,82.3749,66.5438,,44.0
r10_shwd2sf_lr005_100ep_3way_s42n,85,85,test,43.6006,73.1329,83.8027,68.6356,,85.5
r10_shwd2sf_lr005_100ep_3way_s45n,10,10,test,34.9036,62.9280,73.3163,58.6960,,73.2
r10_shwd2sf_lr005_100ep_3way_s48n,5,5,test,29.2758,60.7086,71.4159,57.9254,,68.1
r10_shwd2sf_lr005_100ep_3way_s47n,40,40,test,40.5799,71.2154,82.4093,65.5043,,61.0
r10_shwd2sf_lr005_100ep_3way_s47n,45,45,test,41.8384,73.0975,82.1721,68.1080,,56.8
r10_shwd2sf_lr005_100ep_3way_s42n,90,90,test,43.1670,72.7512,83.1944,68.8704,,74.9
r10_shwd2sf_lr005_100ep_3way_s48n,10,10,test,34.2706,63.1891,78.3704,56.8865,,70.2
r10_shwd2sf_lr005_100ep_3way_s45n,15,15,test,36.7234,67.0777,83.2400,59.5948,,90.1
r10_shwd2sf_lr005_100ep_3way_s47n,50,50,test,43.3053,73.9156,83.2526,68.5785,,54.4
r10_shwd2sf_lr005_100ep_3way_s48n,15,15,test,36.7121,66.6233,77.4883,60.7522,,58.7
r10_shwd2sf_lr005_100ep_3way_s42n,95,95,test,43.2675,72.8109,82.3972,68.8279,,77.5
r10_shwd2sf_lr005_100ep_3way_s45n,20,20,test,38.2433,68.2069,77.2094,64.9593,,58.0
r10_shwd2sf_lr005_100ep_3way_s47n,55,55,test,42.8538,73.1132,83.2436,67.9246,,74.1
r10_shwd2sf_lr005_100ep_3way_s48n,20,20,test,37.3671,68.3812,79.1164,63.4383,,69.9
r10_shwd2sf_lr005_100ep_3way_s45n,25,25,test,39.2142,69.2123,79.2988,63.8658,,58.7
r10_shwd2sf_lr005_100ep_3way_s46n,0,0,test,29.1346,56.8095,72.7876,51.2535,,89.8
r10_shwd2sf_lr005_100ep_3way_s47n,60,60,test,43.0877,72.5910,82.0811,69.0246,,45.9
r10_shwd2sf_lr005_100ep_3way_s45n,30,30,test,39.4866,70.6830,81.9497,64.7346,,54.8
r10_shwd2sf_lr005_100ep_3way_s48n,25,25,test,38.7466,68.0833,80.5865,61.9242,,72.6
r10_shwd2sf_lr005_100ep_3way_s46n,5,5,test,28.4263,57.6144,65.5792,55.8324,,63.6
r10_shwd2sf_lr005_100ep_3way_s47n,65,65,test,43.7939,74.0009,83.0927,69.5115,,59.8
r10_shwd2sf_lr005_100ep_3way_s45n,35,35,test,41.0824,71.9945,81.5206,67.0812,,45.3
r10_shwd2sf_lr005_100ep_3way_s48n,30,30,test,40.3551,70.4245,80.2309,65.5635,,40.2
r10_shwd2sf_lr005_100ep_3way_s48n,35,35,test,39.2560,68.8600,78.4156,65.5335,,74.9
r10_shwd2sf_lr005_100ep_3way_s45n,40,40,test,41.0897,71.1535,80.4890,67.7084,,88.1
r10_shwd2sf_lr005_100ep_3way_s46n,10,10,test,33.3974,62.7760,74.4497,60.1853,,101.4
r10_shwd2sf_lr005_100ep_3way_s47n,70,70,test,44.1897,73.5868,83.6048,69.4445,,103.3
r10_shwd2sf_lr005_100ep_3way_s45n,45,45,test,39.9534,71.2300,83.1896,65.0775,,105.9
r10_shwd2sf_lr005_100ep_3way_s47n,75,75,test,43.4178,73.0148,83.2453,68.2224,,101.7
r10_shwd2sf_lr005_100ep_3way_s46n,15,15,test,35.3642,63.2919,73.5698,59.6862,,111.4
r10_shwd2sf_lr005_100ep_3way_s48n,40,40,test,41.8521,72.7971,83.4867,67.3340,,129.3
r10_shwd2sf_lr005_100ep_3way_s45n,50,50,test,41.2790,70.9704,81.4732,65.4541,,87.3
r10_shwd2sf_lr005_100ep_3way_s46n,20,20,test,37.3449,68.0038,78.6418,62.8643,,82.5
r10_shwd2sf_lr005_100ep_3way_s48n,45,45,test,41.9545,71.9798,81.4683,67.7893,,83.4
r10_shwd2sf_lr005_100ep_3way_s47n,80,80,test,43.6510,73.4339,84.2592,69.3877,,109.5
r10_shwd2sf_lr005_100ep_3way_s45n,55,55,test,43.2238,73.2232,83.1007,69.1819,,38.5
r10_shwd2sf_lr005_100ep_3way_s46n,25,25,test,38.6159,69.0110,84.4711,61.7691,,94.5
r10_shwd2sf_lr005_100ep_3way_s48n,50,50,test,42.8640,73.3235,80.5229,69.4952,,83.3
r10_shwd2sf_lr005_100ep_3way_s45n,60,60,test,42.0494,71.9408,83.8155,67.1798,,70.4
r10_shwd2sf_lr005_100ep_3way_s47n,85,85,test,44.1645,74.1182,84.2858,69.1848,,84.5
r10_shwd2sf_lr005_100ep_3way_s47n,90,90,test,43.6650,73.0783,85.3911,68.2214,,162.6
r10_shwd2sf_lr005_100ep_3way_s45n,65,65,test,42.9235,72.7330,82.6111,67.9266,,168.9
r10_shwd2sf_lr005_100ep_3way_s46n,30,30,test,41.0205,70.9334,79.7567,66.4938,,181.4
r10_shwd2sf_lr005_100ep_3way_s48n,55,55,test,42.8055,72.6012,79.8345,68.8885,,186.4
r10_shwd2sf_lr005_100ep_3way_s45n,70,70,test,43.7479,73.1490,82.9760,68.3139,,84.1
r10_shwd2sf_lr005_100ep_3way_s47n,95,95,test,43.6805,73.0709,83.0799,69.2515,,97.1
r10_shwd2sf_lr005_100ep_3way_s48n,60,60,test,43.1854,73.4646,82.2815,68.7932,,99.3
r10_shwd2sf_lr005_100ep_3way_s46n,35,35,test,41.9616,72.2201,81.9471,66.6118,,121.5
r10_shwd2sf_lr005_100ep_3way_s51n,0,0,test,28.7012,55.4146,77.5598,48.8365,,41.7
r10_shwd2sf_lr005_100ep_3way_s45n,75,75,test,43.9665,73.7095,83.5566,69.9981,,53.4
r10_shwd2sf_lr005_100ep_3way_s51n,5,5,test,31.1682,61.2623,74.1711,57.7169,,78.8
r10_shwd2sf_lr005_100ep_3way_s45n,80,80,test,43.4840,73.0280,85.3573,68.2106,,79.3
r10_shwd2sf_lr005_100ep_3way_s46n,40,40,test,41.3216,71.3826,82.5822,66.0447,,95.5
r10_shwd2sf_lr005_100ep_3way_s48n,65,65,test,43.5074,73.4752,82.8514,69.4868,,112.9
r10_shwd2sf_lr005_100ep_3way_s51n,10,10,test,33.7175,62.8755,78.9057,57.5368,,107.7
r10_shwd2sf_lr005_100ep_3way_s45n,85,85,test,43.9414,73.5917,82.8388,70.2345,,117.3
r10_shwd2sf_lr005_100ep_3way_s46n,45,45,test,42.6295,72.5002,84.4345,65.6637,,122.8
r10_shwd2sf_lr005_100ep_3way_s48n,70,70,test,43.7132,72.6314,83.4203,69.1140,,124.0
r10_shwd2sf_lr005_100ep_3way_s51n,15,15,test,35.4484,66.5708,80.8170,60.5442,,32.6
r10_shwd2sf_lr005_100ep_3way_s45n,90,90,test,43.5505,73.0982,83.4741,69.4918,,30.7
r10_shwd2sf_lr005_100ep_3way_s48n,75,75,test,43.9341,73.4739,83.0192,69.7612,,55.7
r10_shwd2sf_lr005_100ep_3way_s51n,20,20,test,38.6111,69.0935,79.5739,63.4746,,48.3
r10_shwd2sf_lr005_100ep_3way_s45n,95,95,test,43.7584,73.2023,83.7467,68.5697,,47.5
r10_shwd2sf_lr005_100ep_3way_s46n,50,50,test,42.8616,72.4581,81.8855,66.7206,,72.3
r10_shwd2sf_lr005_100ep_3way_s51n,25,25,test,37.5480,68.2333,81.4532,62.7119,,31.8
r10_shwd2sf_lr005_100ep_3way_s48n,80,80,test,43.4082,72.9853,83.8203,69.0489,,63.8
r10_shwd2sf_lr005_100ep_3way_s49n,0,0,test,31.1547,56.1562,78.3782,48.8882,,52.6
r10_shwd2sf_lr005_100ep_3way_s51n,30,30,test,38.3538,67.4226,78.6756,62.6664,,36.3
r10_shwd2sf_lr005_100ep_3way_s46n,55,55,test,43.3247,73.0935,83.4828,67.6849,,61.2
r10_shwd2sf_lr005_100ep_3way_s49n,5,5,test,27.9983,54.1134,66.3885,52.3491,,49.9
r10_shwd2sf_lr005_100ep_3way_s51n,35,35,test,38.3060,67.9170,76.3851,64.9545,,45.2
r10_shwd2sf_lr005_100ep_3way_s48n,85,85,test,43.6901,73.6925,82.4302,70.2034,,66.8
r10_shwd2sf_lr005_100ep_3way_s46n,60,60,test,42.9507,72.1118,83.5947,66.9793,,59.5
r10_shwd2sf_lr005_100ep_3way_s51n,40,40,test,40.7589,71.2898,80.1377,67.1748,,30.8
r10_shwd2sf_lr005_100ep_3way_s49n,10,10,test,30.3690,60.2415,71.5059,56.3630,,43.4
r10_shwd2sf_lr005_100ep_3way_s48n,90,90,test,43.5170,72.9979,83.2886,69.3155,,44.1
r10_shwd2sf_lr005_100ep_3way_s46n,65,65,test,43.3163,73.2409,84.0566,68.6449,,40.7
r10_shwd2sf_lr005_100ep_3way_s51n,45,45,test,41.7412,72.8082,79.5156,69.3685,,77.1
r10_shwd2sf_lr005_100ep_3way_s49n,15,15,test,36.6339,66.2557,77.9100,61.5423,,82.4
r10_shwd2sf_lr005_100ep_3way_s46n,70,70,test,43.8420,73.9535,83.5487,69.5109,,66.0
r10_shwd2sf_lr005_100ep_3way_s48n,95,95,test,43.7624,72.7775,82.4249,69.7641,,66.9
r10_shwd2sf_lr005_100ep_3way_s51n,50,50,test,42.2161,73.1281,81.7678,68.6255,,29.4
r10_shwd2sf_lr005_100ep_3way_s49n,20,20,test,37.6863,68.7012,79.6556,62.9821,,58.2
r10_shwd2sf_lr005_100ep_3way_s46n,75,75,test,44.0121,73.6862,84.7780,68.5418,,60.9
r10_shwd2sf_lr005_100ep_3way_s51n,55,55,test,42.2980,71.9898,82.8941,67.6322,,48.1
r10_smoke2sf_base100_3way_s42n,0,0,test,11.6969,22.4288,29.7001,21.9833,,70.4
r10_shwd2sf_lr005_100ep_3way_s49n,25,25,test,38.0188,67.3289,78.6803,62.5385,,42.7
r10_shwd2sf_lr005_100ep_3way_s51n,60,60,test,42.5103,72.1861,84.5054,66.5239,,48.3
r10_shwd2sf_lr005_100ep_3way_s46n,80,80,test,44.3282,73.8405,84.4587,69.2753,,56.3
r10_smoke2sf_base100_3way_s42n,5,5,test,25.3116,45.3937,39.6414,48.5505,,56.8
r10_shwd2sf_lr005_100ep_3way_s49n,30,30,test,40.1322,70.8674,81.7934,65.7562,,33.8
r10_shwd2sf_lr005_100ep_3way_s51n,65,65,test,43.2429,73.1996,82.7215,69.8938,,107.8
r10_shwd2sf_lr005_100ep_3way_s49n,35,35,test,40.8839,71.6276,82.9451,67.6007,,96.8
r10_shwd2sf_lr005_100ep_3way_s46n,85,85,test,44.0028,73.4767,84.5544,69.7891,,114.8
r10_smoke2sf_base100_3way_s42n,10,10,test,36.2028,64.5851,73.6062,60.7676,,105.1
r10_shwd2sf_lr005_100ep_3way_s51n,70,70,test,43.2847,72.8325,84.0577,68.6914,,27.0
r10_shwd2sf_lr005_100ep_3way_s51n,75,75,test,44.0005,73.7547,83.4596,69.9329,,71.0
r10_shwd2sf_lr005_100ep_3way_s49n,40,40,test,41.9787,72.4946,82.3947,67.1956,,87.1
r10_smoke2sf_base100_3way_s42n,15,15,test,36.3251,66.6725,76.7368,61.7737,,88.9
r10_shwd2sf_lr005_100ep_3way_s46n,90,90,test,43.4382,72.5464,82.6015,68.8713,,97.1
r10_shwd2sf_lr005_100ep_3way_s51n,80,80,test,43.8719,73.2450,84.7098,69.6387,,38.9
r10_shwd2sf_lr005_100ep_3way_s49n,45,45,test,41.1450,71.0044,84.3197,65.4870,,55.3
r10_smoke2sf_base100_3way_s42n,20,20,test,38.8492,69.5049,81.2670,63.2803,,53.0
r10_shwd2sf_lr005_100ep_3way_s51n,85,85,test,44.1436,73.4538,83.7387,69.5556,,32.1
r10_shwd2sf_lr005_100ep_3way_s46n,95,95,test,43.7194,73.2128,83.4954,69.3862,,65.7
r10_shwd2sf_lr005_100ep_3way_s49n,50,50,test,41.2990,72.1385,83.6506,66.9542,,37.3
r10_smoke2sf_base100_3way_s42n,25,25,test,38.9423,69.9217,81.4125,63.9847,,38.0
r10_shwd2sf_lr005_100ep_3way_s51n,90,90,test,43.3481,72.6407,83.2103,69.2296,,85.3
r10_shwd2sf_lr005_100ep_3way_s49n,55,55,test,42.6300,72.6352,81.3125,68.4441,,66.8
r10_smoke2sf_base100_3way_s42n,30,30,test,39.7797,69.6463,77.2920,66.1156,,67.0
r10_shwd2sf_lr005_100ep_3way_s50n,0,0,test,29.5564,56.3384,70.7273,51.4621,,66.4
r10_shwd2sf_lr005_100ep_3way_s51n,95,95,test,43.4952,72.8487,83.7684,69.4135,,30.6
r10_shwd2sf_lr005_100ep_3way_s49n,60,60,test,42.7720,73.1006,85.6749,68.4275,,58.0
r10_smoke2sf_base100_3way_s42n,35,35,test,40.8314,71.6088,80.6427,66.6746,,56.9
r10_smoke2sf_base100_3way_s45n,0,0,test,11.4759,21.9658,29.0292,21.7459,,39.3
r10_shwd2sf_lr005_100ep_3way_s50n,5,5,test,28.4920,58.3327,71.8890,55.6327,,77.5
r10_smoke2sf_base100_3way_s45n,5,5,test,26.0349,45.1120,41.3151,48.7129,,41.4
r10_shwd2sf_lr005_100ep_3way_s49n,65,65,test,43.5910,74.2007,85.1755,68.8872,,52.5
r10_smoke2sf_base100_3way_s42n,40,40,test,41.3472,72.4192,78.7696,67.7310,,62.2
r10_shwd2sf_lr005_100ep_3way_s50n,10,10,test,34.2561,63.0713,75.1673,58.9863,,55.6
r10_smoke2sf_base100_3way_s45n,10,10,test,35.3890,63.5690,75.1961,59.5514,,35.5
r10_shwd2sf_lr005_100ep_3way_s49n,70,70,test,43.3345,72.6613,85.7957,66.2569,,39.5
r10_smoke2sf_base100_3way_s42n,45,45,test,41.4648,71.9001,84.7633,65.3987,,37.0
r10_smoke2sf_base100_3way_s45n,15,15,test,37.5394,67.4169,78.2005,62.7019,,139.4
r10_shwd2sf_lr005_100ep_3way_s49n,75,75,test,43.8648,73.1853,83.9749,69.3705,,139.8
r10_smoke2sf_base100_3way_s42n,50,50,test,41.5734,72.2535,82.6256,66.6292,,134.2
r10_shwd2sf_lr005_100ep_3way_s50n,15,15,test,35.4986,64.9731,78.6079,60.3003,,153.6
r10_smoke2sf_base100_3way_s45n,20,20,test,38.8233,68.5776,79.8801,64.1363,,25.3
r10_smoke2sf_base100_3way_s45n,25,25,test,40.3798,69.7045,78.3935,64.1357,,64.1
r10_shwd2sf_lr005_100ep_3way_s49n,80,80,test,43.9084,73.4223,82.8606,69.1727,,89.9
r10_smoke2sf_base100_3way_s42n,55,55,test,41.4881,71.9635,82.1341,66.9884,,89.8
r10_shwd2sf_lr005_100ep_3way_s50n,20,20,test,37.8513,66.1420,77.3513,63.0385,,94.3
r10_smoke2sf_base100_3way_s45n,30,30,test,40.8252,71.3815,81.0312,66.5573,,27.3
r10_shwd2sf_lr005_100ep_3way_s49n,85,85,test,44.2256,73.8991,83.1036,70.2492,,44.9
r10_smoke2sf_base100_3way_s45n,35,35,test,39.6988,70.9491,81.4009,66.4271,,42.7
r10_smoke2sf_base100_3way_s42n,60,60,test,41.9827,72.2822,81.4914,66.9425,,63.8
r10_shwd2sf_lr005_100ep_3way_s50n,25,25,test,37.5160,66.5216,74.3699,64.5170,,65.6
r10_shwd2sf_lr005_100ep_3way_s49n,90,90,test,43.6525,72.9640,82.0215,70.0019,,45.6
r10_smoke2sf_base100_3way_s45n,40,40,test,40.8806,70.6732,79.9396,66.1144,,32.0
r10_smoke2sf_base100_3way_s42n,65,65,test,41.7680,72.3135,82.5933,67.5897,,54.4
r10_smoke2sf_base100_3way_s45n,45,45,test,41.0099,71.1549,80.6587,66.6138,,41.5
r10_shwd2sf_lr005_100ep_3way_s50n,30,30,test,37.8109,68.9852,80.0023,63.6722,,61.8
r10_shwd2sf_lr005_100ep_3way_s49n,95,95,test,44.0711,73.7165,82.7404,69.7030,,54.2
r10_smoke2sf_base100_3way_s42n,70,70,test,42.2426,72.4998,81.3651,68.0858,,38.2
r10_smoke2sf_base100_3way_s45n,50,50,test,41.9184,72.5765,80.9984,67.8200,,39.5
r10_smoke2sf_base100_3way_s43n,0,0,test,11.8791,22.7636,29.7766,22.3419,,47.6
r10_shwd2sf_lr005_100ep_3way_s50n,35,35,test,41.0071,71.4152,82.5757,65.6648,,66.9
r10_smoke2sf_base100_3way_s42n,75,75,test,42.1028,72.7231,82.8711,67.5289,,47.9
r10_smoke2sf_base100_3way_s43n,5,5,test,25.7707,45.2814,91.0240,39.2505,,30.2
r10_smoke2sf_base100_3way_s45n,55,55,test,41.2699,71.5100,80.5288,67.2199,,48.9
r10_smoke2sf_base100_3way_s42n,80,80,test,42.3766,72.6201,82.7201,67.3698,,42.1
r10_shwd2sf_lr005_100ep_3way_s50n,40,40,test,41.2814,71.4065,80.8783,67.5129,,63.9
r10_smoke2sf_base100_3way_s45n,60,60,test,41.0919,71.5535,79.1581,67.7229,,46.5
r10_smoke2sf_base100_3way_s43n,10,10,test,34.4440,62.8382,71.2372,59.4397,,57.6
r10_smoke2sf_base100_3way_s42n,85,85,test,41.7165,72.1162,83.3705,66.4701,,40.5
r10_smoke2sf_base100_3way_s45n,65,65,test,41.5655,71.9588,79.9430,68.4104,,41.4
r10_shwd2sf_lr005_100ep_3way_s50n,45,45,test,41.5992,71.2003,79.3028,67.5337,,59.1
r10_smoke2sf_base100_3way_s43n,15,15,test,37.9810,67.8981,76.6928,62.9086,,53.7
r10_smoke2sf_base100_3way_s42n,90,90,test,41.0861,70.7991,81.0298,66.6135,,47.4
r10_smoke2sf_base100_3way_s45n,70,70,test,42.2301,72.1801,82.1249,67.1580,,32.5
r10_shwd2sf_lr005_100ep_3way_s50n,50,50,test,42.4483,72.4574,80.8956,68.8059,,64.4
r10_smoke2sf_base100_3way_s45n,75,75,test,41.7965,71.9778,81.7489,67.5958,,48.5
r10_smoke2sf_base100_3way_s43n,20,20,test,39.2981,69.4104,80.1261,64.2709,,62.0
r10_smoke2sf_base100_3way_s42n,95,95,test,41.1102,71.1153,81.1832,66.7368,,59.9
r10_smoke2sf_base100_3way_s45n,80,80,test,41.4914,71.3553,81.1272,66.0578,,55.8
r10_shwd2sf_lr005_100ep_3way_s50n,55,55,test,43.0672,73.2844,86.2190,67.2164,,62.1
r10_smoke2sf_base100_3way_s43n,25,25,test,39.8673,69.8549,80.2189,65.1811,,57.9
r10_smoke2sf_base100_3way_s46n,0,0,test,10.7901,21.2276,28.8656,21.0597,,58.5
r10_smoke2sf_base100_3way_s45n,85,85,test,41.7238,71.8016,80.1807,67.8177,,32.6
r10_smoke2sf_base100_3way_s46n,5,5,test,24.3442,43.9853,40.8773,45.3464,,54.0
r10_shwd2sf_lr005_100ep_3way_s50n,60,60,test,42.3482,71.8832,82.7071,67.5349,,64.7
r10_smoke2sf_base100_3way_s43n,30,30,test,40.9165,71.4509,79.1810,66.6686,,62.5
r10_smoke2sf_base100_3way_s45n,90,90,test,40.9261,70.2054,80.9672,66.2935,,37.7
r10_smoke2sf_base100_3way_s46n,10,10,test,34.8394,63.5900,75.9605,59.1924,,56.1
r10_smoke2sf_base100_3way_s45n,95,95,test,40.9602,70.6557,81.1172,66.4692,,50.3
r10_smoke2sf_base100_3way_s43n,35,35,test,41.1034,72.0286,80.7490,67.2468,,52.4
r10_shwd2sf_lr005_100ep_3way_s50n,65,65,test,42.9211,72.7355,82.8768,67.8648,,67.5
r10_smoke2sf_base100_3way_s49n,0,0,test,10.9063,21.8948,29.6036,21.3993,,46.9
r10_smoke2sf_base100_3way_s43n,40,40,test,41.3271,71.0116,80.4273,66.2587,,54.4
r10_smoke2sf_base100_3way_s46n,15,15,test,38.4648,66.9367,73.9834,64.2444,,59.0
r10_smoke2sf_base100_3way_s49n,5,5,test,25.7307,45.6856,38.9987,47.6599,,26.7
r10_shwd2sf_lr005_100ep_3way_s50n,70,70,test,43.2503,72.4545,84.5702,68.3347,,60.4
r10_smoke2sf_base100_3way_s43n,45,45,test,41.4523,71.7876,81.7631,66.4409,,50.3
r10_smoke2sf_base100_3way_s49n,10,10,test,34.7942,63.4878,73.9950,60.2579,,40.6
r10_smoke2sf_base100_3way_s46n,20,20,test,39.1328,69.6101,77.8722,65.6859,,66.6
r10_shwd2sf_lr005_100ep_3way_s50n,75,75,test,43.8975,73.4067,80.4607,70.3943,,57.5
r10_smoke2sf_base100_3way_s49n,15,15,test,37.4766,67.5923,80.2140,62.4238,,35.3
r10_smoke2sf_base100_3way_s43n,50,50,test,41.4563,72.2094,80.4301,67.4269,,49.6
r10_smoke2sf_base100_3way_s46n,25,25,test,39.9628,69.0021,80.3605,64.3939,,37.9
r10_shwd2sf_lr005_100ep_3way_s50n,80,80,test,44.4123,73.8971,83.1302,69.0965,,34.9
r10_smoke2sf_base100_3way_s46n,30,30,test,40.4668,70.3730,79.1474,66.3154,,106.1
r10_smoke2sf_base100_3way_s49n,20,20,test,39.2506,69.3346,77.9145,64.8649,,117.6
r10_smoke2sf_base100_3way_s43n,55,55,test,42.1168,72.4679,79.9062,68.3114,,121.1
r10_shwd2sf_lr005_100ep_3way_s50n,85,85,test,44.4302,73.6590,83.9938,69.7068,,110.9
r10_smoke2sf_base100_3way_s49n,25,25,test,39.8916,70.6577,78.7827,66.4356,,32.7
r10_smoke2sf_base100_3way_s46n,35,35,test,40.5885,70.9753,80.7783,66.0278,,35.2
r10_smoke2sf_base100_3way_s49n,30,30,test,40.5762,71.0455,81.7537,66.2970,,91.6
r10_smoke2sf_base100_3way_s43n,60,60,test,42.2045,72.6854,84.1600,67.2831,,123.2
r10_shwd2sf_lr005_100ep_3way_s50n,90,90,test,43.7004,72.6442,81.3075,69.9496,,120.7
r10_smoke2sf_base100_3way_s46n,40,40,test,41.3576,71.6119,81.6822,66.5556,,99.0
r10_smoke2sf_base100_3way_s49n,35,35,test,40.5949,70.9827,83.0639,65.8987,,23.8
r10_smoke2sf_base100_3way_s46n,45,45,test,41.4508,71.7327,80.6367,67.3138,,113.1
r10_smoke2sf_base100_3way_s43n,65,65,test,42.2484,73.0905,84.0638,67.8886,,120.8
r10_smoke2sf_base100_3way_s49n,40,40,test,40.6526,71.8506,81.7466,66.6312,,105.4
r10_shwd2sf_lr005_100ep_3way_s50n,95,95,test,44.2064,73.3598,82.5093,70.4591,,129.6
r10_smoke2sf_base100_3way_s49n,45,45,test,41.4282,71.7531,79.5290,67.1117,,47.8
r10_smoke2sf_base100_3way_s46n,50,50,test,40.6473,71.6208,78.7087,66.9442,,57.7
r10_smoke2sf_base100_3way_s43n,70,70,test,42.1587,72.3481,83.2140,66.8861,,54.5
r10_smoke2sf_base100_3way_s44n,0,0,test,11.9669,22.4388,29.9124,21.9440,,52.0
r10_smoke2sf_base100_3way_s43n,75,75,test,42.3233,72.7499,82.4360,67.6825,,39.1
r10_smoke2sf_base100_3way_s46n,55,55,test,41.6459,71.6327,82.7878,66.0695,,43.1
r10_smoke2sf_base100_3way_s49n,50,50,test,40.9213,71.2082,83.3376,65.3871,,57.4
r10_smoke2sf_base100_3way_s43n,80,80,test,42.6108,73.0820,81.6437,68.7917,,55.0
r10_smoke2sf_base100_3way_s49n,55,55,test,41.5246,71.7450,81.8463,67.2225,,46.7
r10_smoke2sf_base100_3way_s46n,60,60,test,41.3541,71.6708,80.3547,67.2861,,59.9
r10_smoke2sf_base100_3way_s44n,5,5,test,26.0790,45.6351,40.0610,47.3464,,101.5
r10_smoke2sf_base100_3way_s49n,60,60,test,42.0661,72.4322,83.3346,67.2811,,40.9
r10_smoke2sf_base100_3way_s43n,85,85,test,42.6115,72.5668,81.8739,68.6752,,58.2
r10_smoke2sf_base100_3way_s46n,65,65,test,42.0042,72.0691,80.7166,68.0114,,53.6
r10_smoke2sf_base100_3way_s49n,65,65,test,41.7824,71.8140,82.4330,67.2024,,29.3
r10_smoke2sf_base100_3way_s44n,10,10,test,35.4329,64.6889,74.6675,59.3859,,69.2
r10_smoke2sf_base100_3way_s43n,90,90,test,40.9172,70.4830,79.2552,67.2710,,44.5
r10_smoke2sf_base100_3way_s49n,70,70,test,41.9376,72.0203,81.4502,67.1535,,36.0
r10_smoke2sf_base100_3way_s46n,70,70,test,41.7762,71.9528,82.0722,67.4920,,56.3
r10_smoke2sf_base100_3way_s44n,15,15,test,37.2880,67.8278,79.1895,63.4613,,58.9
r10_smoke2sf_base100_3way_s43n,95,95,test,41.4859,71.2895,82.6174,65.8644,,45.3
r10_smoke2sf_base100_3way_s49n,75,75,test,42.3880,72.2865,82.3267,67.2241,,42.9
r10_smoke2sf_base100_3way_s46n,75,75,test,41.6757,71.2183,82.5646,66.8186,,57.2
r10_smoke2sf_base100_3way_s44n,20,20,test,39.0517,69.3615,78.1115,65.0712,,50.5
r10_smoke2sf_base100_3way_s49n,80,80,test,41.9464,72.2137,83.2075,66.9544,,44.2
r10_smoke2sf_base100_3way_s47n,0,0,test,10.8222,21.8478,27.8043,22.1986,,51.6
r10_smoke2sf_base100_3way_s46n,80,80,test,41.7872,71.5026,81.6436,66.8125,,49.0
r10_smoke2sf_base100_3way_s49n,85,85,test,42.2344,72.2282,83.0071,67.2048,,43.1
r10_smoke2sf_base100_3way_s47n,5,5,test,25.9809,45.7852,40.5021,46.1122,,51.1
r10_smoke2sf_base100_3way_s44n,25,25,test,40.3570,70.8279,82.1877,64.7759,,57.9
r10_smoke2sf_base100_3way_s46n,85,85,test,42.1472,71.7552,83.6230,66.0065,,37.7
r10_smoke2sf_base100_3way_s47n,10,10,test,34.9030,62.9994,71.0238,60.9379,,139.0
r10_smoke2sf_base100_3way_s49n,90,90,test,41.5221,71.2253,79.4111,67.7042,,150.3
r10_smoke2sf_base100_3way_s46n,90,90,test,40.9263,70.4022,80.7221,65.9056,,131.1
r10_smoke2sf_base100_3way_s44n,30,30,test,40.5283,70.7524,82.4453,65.3393,,140.4
r10_smoke2sf_base100_3way_s49n,95,95,test,41.7636,71.8281,82.1374,66.7378,,52.0
r10_smoke2sf_base100_3way_s46n,95,95,test,41.0504,70.6130,80.1407,66.5005,,57.9
r10_smoke2sf_base100_3way_s47n,15,15,test,37.2671,67.9160,77.2411,63.3935,,61.4
r10_smoke2sf_base100_3way_s44n,35,35,test,40.6469,71.2765,81.4171,65.5780,,75.6
r10_smoke2sf_lr005_100ep_3way_s43n,0,0,test,17.3466,33.2842,87.8016,29.5204,,27.8
r10_smoke2sf_base100_3way_s50n,0,0,test,11.4498,21.5840,29.1888,21.5903,,46.2
r10_smoke2sf_lr005_100ep_3way_s43n,5,5,test,26.6380,53.1125,60.2760,51.6762,,39.6
r10_smoke2sf_base100_3way_s47n,20,20,test,38.6186,69.0647,78.9062,64.2391,,59.7
r10_smoke2sf_base100_3way_s44n,40,40,test,41.1134,71.7689,81.9097,66.0687,,61.9
r10_smoke2sf_base100_3way_s50n,5,5,test,23.6884,44.6210,42.5051,46.6836,,46.7
r10_smoke2sf_lr005_100ep_3way_s43n,10,10,test,31.8524,59.5173,70.7238,55.3243,,38.9
r10_smoke2sf_base100_3way_s47n,25,25,test,39.8063,70.2152,78.6964,66.3451,,55.9
r10_smoke2sf_base100_3way_s44n,45,45,test,41.5699,72.3297,82.1494,67.4115,,57.5
r10_smoke2sf_lr005_100ep_3way_s43n,15,15,test,36.2044,66.4379,75.1744,61.9526,,39.6
r10_smoke2sf_base100_3way_s50n,10,10,test,35.0104,63.9957,74.7592,60.7972,,51.4
r10_smoke2sf_base100_3way_s47n,30,30,test,39.9806,70.6718,82.1189,64.0486,,48.2
r10_smoke2sf_lr005_100ep_3way_s43n,20,20,test,37.6077,67.8167,81.2209,62.1279,,40.3
r10_smoke2sf_base100_3way_s50n,15,15,test,38.0873,67.7489,77.0164,63.1155,,51.3
r10_smoke2sf_base100_3way_s44n,50,50,test,40.9628,72.2089,78.8977,67.6917,,68.6
r10_smoke2sf_base100_3way_s47n,35,35,test,40.5085,71.2346,80.4418,66.5544,,48.5
r10_smoke2sf_lr005_100ep_3way_s43n,25,25,test,37.8930,67.9198,79.4070,62.9279,,35.9
r10_smoke2sf_base100_3way_s50n,20,20,test,39.2580,69.2477,80.8188,62.7334,,38.7
r10_smoke2sf_lr005_100ep_3way_s43n,30,30,test,39.3108,69.9668,75.4972,65.3908,,42.6
r10_smoke2sf_base100_3way_s44n,55,55,test,41.8402,73.1178,82.7128,67.7828,,59.9
r10_smoke2sf_base100_3way_s47n,40,40,test,40.5270,71.2193,81.0511,65.7335,,58.2
r10_smoke2sf_base100_3way_s50n,25,25,test,39.4870,69.4857,81.3599,63.5550,,43.2
r10_smoke2sf_lr005_100ep_3way_s43n,35,35,test,40.9719,71.7226,81.6690,66.4493,,29.2
r10_smoke2sf_base100_3way_s44n,60,60,test,42.1489,72.8164,80.5423,68.7731,,48.9
r10_smoke2sf_base100_3way_s47n,45,45,test,40.8906,71.3520,81.6753,65.5066,,47.0
r10_smoke2sf_base100_3way_s50n,30,30,test,39.7824,70.5606,80.7923,64.8152,,44.7
r10_smoke2sf_base100_3way_s44n,65,65,test,41.5570,71.6948,82.8486,66.2669,,38.6
r10_smoke2sf_lr005_100ep_3way_s43n,40,40,test,41.3540,71.7725,82.1347,65.3525,,66.8
r10_smoke2sf_base100_3way_s50n,35,35,test,40.7297,71.3910,80.1482,66.4876,,85.6
r10_smoke2sf_base100_3way_s47n,50,50,test,41.3876,71.5861,80.0587,67.6726,,89.2
r10_smoke2sf_lr005_100ep_3way_s43n,45,45,test,41.1618,71.9062,81.2045,66.8109,,55.3
r10_smoke2sf_base100_3way_s44n,70,70,test,41.7089,72.2338,81.4067,68.1048,,56.6
r10_smoke2sf_base100_3way_s50n,40,40,test,40.9540,71.6041,78.2817,67.2119,,57.5
r10_smoke2sf_lr005_100ep_3way_s43n,50,50,test,42.5935,72.8984,83.6491,66.8021,,55.4
r10_smoke2sf_base100_3way_s47n,55,55,test,41.1708,70.9509,81.1136,65.6820,,60.8
r10_smoke2sf_base100_3way_s44n,75,75,test,41.9586,72.6458,80.8024,68.6905,,60.5
r10_smoke2sf_lr005_100ep_3way_s43n,55,55,test,42.2027,71.8915,82.2503,67.4592,,63.4
r10_smoke2sf_base100_3way_s47n,60,60,test,41.3680,71.7331,81.3229,67.3783,,60.4
r10_smoke2sf_base100_3way_s50n,45,45,test,41.9295,72.1391,82.4704,66.5223,,73.2
r10_smoke2sf_base100_3way_s44n,80,80,test,42.0791,72.2089,82.4040,67.3296,,72.6
r10_smoke2sf_lr005_100ep_3way_s43n,60,60,test,42.3653,72.2506,83.8807,66.2741,,47.9
r10_smoke2sf_lr005_100ep_3way_s43n,65,65,test,43.2067,73.0373,84.4252,67.7885,,67.2
r10_smoke2sf_base100_3way_s47n,65,65,test,42.5076,72.3087,80.5963,68.5707,,114.3
r10_smoke2sf_base100_3way_s44n,85,85,test,42.0536,72.2806,82.1043,67.9978,,111.6
r10_smoke2sf_base100_3way_s50n,50,50,test,41.4754,72.0211,80.7556,67.6184,,118.0
r10_smoke2sf_lr005_100ep_3way_s43n,70,70,test,43.0612,72.8371,81.8678,68.4717,,35.4
r10_smoke2sf_base100_3way_s47n,70,70,test,41.7152,71.5631,81.6363,67.3169,,62.4
r10_smoke2sf_base100_3way_s50n,55,55,test,42.0797,72.3682,81.9851,67.8545,,52.0
r10_smoke2sf_base100_3way_s44n,90,90,test,41.1560,70.6864,77.3420,68.0874,,55.7
r10_smoke2sf_lr005_100ep_3way_s43n,75,75,test,42.7197,72.8682,82.4618,68.6592,,36.9
r10_smoke2sf_base100_3way_s50n,60,60,test,41.6969,71.8308,82.5598,67.1286,,86.1
r10_smoke2sf_lr005_100ep_3way_s43n,80,80,test,43.5407,72.9924,83.0943,68.4048,,80.7
r10_smoke2sf_base100_3way_s47n,75,75,test,41.8945,72.1051,82.7406,66.8056,,89.9
r10_smoke2sf_base100_3way_s44n,95,95,test,41.1817,70.8558,81.0954,66.6293,,86.4
r10_smoke2sf_lr005_100ep_3way_s43n,85,85,test,43.6372,73.1939,84.7945,68.2361,,34.5
r10_smoke2sf_base100_3way_s50n,65,65,test,41.8569,71.9658,82.0369,67.6561,,37.6
r10_smoke2sf_base100_3way_s47n,80,80,test,42.0763,71.8828,82.6375,67.0662,,79.9
r10_smoke2sf_lr005_100ep_3way_s43n,90,90,test,43.1640,72.9037,81.9030,69.4337,,51.8
r10_smoke2sf_base100_3way_s48n,0,0,test,10.8270,21.6140,30.1048,21.2153,,95.8
r10_smoke2sf_base100_3way_s50n,70,70,test,41.9138,71.8836,80.2981,68.0027,,70.2
r10_smoke2sf_lr005_100ep_3way_s43n,95,95,test,43.2291,72.8215,84.1985,68.6642,,30.7
r10_smoke2sf_base100_3way_s47n,85,85,test,42.1389,72.0694,81.3594,67.9485,,44.2
r10_smoke2sf_base100_3way_s48n,5,5,test,24.7825,44.9667,91.2701,38.5591,,54.3
r10_smoke2sf_base100_3way_s50n,75,75,test,42.3102,72.2977,83.4254,68.1091,,52.0
r10_smoke2sf_lr005_100ep_3way_s47n,0,0,test,15.9950,31.9447,84.8615,29.0606,,46.6
r10_smoke2sf_base100_3way_s47n,90,90,test,40.9954,70.0137,79.8634,66.7148,,51.6
r10_smoke2sf_base100_3way_s48n,10,10,test,35.1051,62.7507,72.2612,59.5118,,51.0
r10_smoke2sf_base100_3way_s50n,80,80,test,42.3521,72.2183,82.9309,68.0162,,47.0
r10_smoke2sf_lr005_100ep_3way_s47n,5,5,test,24.0891,49.3411,62.8351,48.0412,,41.5
r10_smoke2sf_lr005_100ep_3way_s47n,10,10,test,30.8275,58.6500,70.8686,55.2191,,58.3
r10_smoke2sf_base100_3way_s48n,15,15,test,36.1349,66.8624,79.9645,60.7543,,66.6
r10_smoke2sf_base100_3way_s50n,85,85,test,41.9624,72.0083,81.4698,68.2348,,66.7
r10_smoke2sf_base100_3way_s47n,95,95,test,41.2717,70.6405,78.3615,67.4459,,95.8
r10_smoke2sf_base100_3way_s51n,0,0,test,10.9265,21.6058,28.9822,21.3710,,47.0
r10_smoke2sf_lr005_100ep_3way_s47n,15,15,test,33.9796,63.1406,73.7340,59.2601,,55.6
r10_smoke2sf_base100_3way_s48n,20,20,test,39.0714,70.0960,81.2006,64.2663,,53.5
r10_smoke2sf_base100_3way_s50n,90,90,test,41.0684,70.5342,79.9057,67.0326,,53.5
r10_smoke2sf_lr005_100ep_3way_s47n,20,20,test,37.3958,67.4694,78.7463,63.7589,,87.5
r10_smoke2sf_base100_3way_s48n,25,25,test,39.4632,69.2591,76.9640,65.6140,,86.8
r10_smoke2sf_base100_3way_s51n,5,5,test,26.0456,44.5472,39.7390,44.7073,,89.5
r10_smoke2sf_base100_3way_s50n,95,95,test,41.9098,71.2023,81.7747,66.8051,,83.9
r10_smoke2sf_lr005_100ep_3way_s47n,25,25,test,36.2460,65.0155,72.5127,62.3263,,53.9
r10_smoke2sf_base100_3way_s51n,10,10,test,35.7283,64.5254,74.5095,61.3399,,59.4
r10_smoke2sf_lr005_100ep_3way_s44n,0,0,test,17.4128,33.5759,88.0925,29.9095,,65.8
r10_smoke2sf_base100_3way_s48n,30,30,test,39.7794,70.2019,79.6968,65.5866,,66.3
r10_smoke2sf_base100_3way_s51n,15,15,test,37.3012,68.0011,79.1079,62.1982,,47.3
r10_smoke2sf_lr005_100ep_3way_s47n,30,30,test,39.9581,71.0063,82.3657,65.6162,,61.0
r10_smoke2sf_lr005_100ep_3way_s44n,5,5,test,27.2578,53.2831,63.5213,51.4684,,49.0
r10_smoke2sf_base100_3way_s48n,35,35,test,41.0500,71.2416,80.3091,67.5215,,58.2
r10_smoke2sf_base100_3way_s51n,20,20,test,37.7717,68.5113,79.6542,63.1229,,48.0
r10_smoke2sf_lr005_100ep_3way_s47n,35,35,test,39.0342,69.5390,78.8612,65.0836,,46.3
r10_smoke2sf_lr005_100ep_3way_s44n,10,10,test,30.1777,59.2097,69.5954,57.6302,,55.3
r10_smoke2sf_base100_3way_s48n,40,40,test,41.5298,71.7905,80.4146,66.4236,,49.5
r10_smoke2sf_base100_3way_s51n,25,25,test,38.4177,68.9969,79.8696,64.5096,,27.9
r10_smoke2sf_lr005_100ep_3way_s47n,40,40,test,40.6954,71.1545,82.3639,65.1926,,83.8
r10_smoke2sf_base100_3way_s51n,30,30,test,40.8030,71.4633,82.1912,65.9624,,61.6
r10_smoke2sf_lr005_100ep_3way_s44n,15,15,test,36.6636,66.9073,79.1096,61.5752,,78.7
r10_smoke2sf_base100_3way_s48n,45,45,test,41.5527,72.2812,83.0198,67.9065,,76.3
r10_smoke2sf_lr005_100ep_3way_s47n,45,45,test,41.7655,71.9747,80.0121,68.5567,,74.6
r10_smoke2sf_base100_3way_s51n,35,35,test,41.0091,70.9303,79.2084,66.5250,,87.9
r10_smoke2sf_base100_3way_s48n,50,50,test,41.2376,72.0259,80.7653,67.9018,,87.4
r10_smoke2sf_lr005_100ep_3way_s44n,20,20,test,35.2072,64.1651,75.6808,58.9109,,89.7
r10_smoke2sf_lr005_100ep_3way_s47n,50,50,test,41.4745,71.6204,80.3004,66.5712,,45.9
r10_smoke2sf_base100_3way_s51n,40,40,test,40.6903,71.2791,80.3697,66.7946,,36.6
r10_smoke2sf_base100_3way_s48n,55,55,test,41.5324,71.8228,82.7273,66.8936,,53.0
r10_smoke2sf_lr005_100ep_3way_s44n,25,25,test,38.4917,68.3391,81.4707,62.5925,,53.3
r10_smoke2sf_base100_3way_s51n,45,45,test,41.5279,71.4344,79.6283,67.1610,,41.6
r10_smoke2sf_lr005_100ep_3way_s47n,55,55,test,42.8837,73.4190,83.4208,67.7311,,52.5
r10_smoke2sf_base100_3way_s48n,60,60,test,41.2941,72.3522,81.8398,67.6536,,48.1
r10_smoke2sf_lr005_100ep_3way_s44n,30,30,test,38.8332,67.8308,77.1794,65.1330,,58.6
r10_smoke2sf_lr005_100ep_3way_s47n,60,60,test,42.7649,72.4448,82.7435,67.8883,,38.6
r10_smoke2sf_base100_3way_s51n,50,50,test,40.7642,71.0818,82.3830,65.1617,,46.4
r10_smoke2sf_base100_3way_s48n,65,65,test,42.2455,73.0979,81.2554,68.7026,,54.1
r10_smoke2sf_base100_3way_s51n,55,55,test,41.2716,71.5178,82.9988,66.1732,,49.4
r10_smoke2sf_lr005_100ep_3way_s44n,35,35,test,40.0495,69.8617,79.7756,66.2705,,55.4
r10_smoke2sf_lr005_100ep_3way_s47n,65,65,test,43.6014,73.5417,81.6877,69.3168,,52.2
r10_smoke2sf_base100_3way_s48n,70,70,test,42.0202,72.1615,80.7057,68.6566,,52.1
r10_smoke2sf_base100_3way_s51n,60,60,test,41.5914,71.8607,81.8592,66.2910,,51.7
r10_smoke2sf_lr005_100ep_3way_s47n,70,70,test,43.3983,72.8549,83.2872,68.9210,,52.4
r10_smoke2sf_lr005_100ep_3way_s44n,40,40,test,41.1067,72.0050,82.7521,65.4773,,57.0
r10_smoke2sf_base100_3way_s48n,75,75,test,41.9493,72.1838,82.6560,67.8586,,46.4
r10_smoke2sf_base100_3way_s51n,65,65,test,42.1341,72.4587,83.0362,67.3762,,45.2
r10_smoke2sf_lr005_100ep_3way_s44n,45,45,test,41.7987,72.4370,80.9002,68.0950,,44.2
r10_smoke2sf_lr005_100ep_3way_s47n,75,75,test,43.7262,73.5438,82.8726,69.2751,,70.7
r10_smoke2sf_base100_3way_s51n,70,70,test,41.9411,72.0851,79.9317,68.3060,,84.8
r10_smoke2sf_base100_3way_s48n,80,80,test,42.1143,72.9335,83.7352,67.3383,,104.2
r10_smoke2sf_lr005_100ep_3way_s47n,80,80,test,43.1951,72.6636,83.1011,68.7993,,87.8
r10_smoke2sf_lr005_100ep_3way_s44n,50,50,test,41.9286,72.3563,82.8561,67.4819,,136.3
r10_smoke2sf_base100_3way_s51n,75,75,test,42.1777,72.4351,81.6864,67.7713,,59.9
r10_smoke2sf_base100_3way_s48n,85,85,test,42.4019,72.3649,83.4744,67.1946,,53.0
r10_smoke2sf_lr005_100ep_3way_s47n,85,85,test,43.7552,73.2681,82.5439,69.8147,,35.2
r10_smoke2sf_lr005_100ep_3way_s47n,90,90,test,43.2341,73.0278,83.7150,69.0881,,49.3
r10_smoke2sf_lr005_100ep_3way_s44n,55,55,test,42.5482,72.9613,80.9951,68.1929,,59.6
r10_smoke2sf_base100_3way_s51n,80,80,test,42.1974,71.6282,81.1280,67.7536,,60.0
r10_smoke2sf_base100_3way_s48n,90,90,test,41.0362,70.6336,80.7824,66.8886,,61.8
r10_smoke2sf_lr005_100ep_3way_s47n,95,95,test,43.7027,73.9677,84.3709,69.4008,,43.8
r10_smoke2sf_lr005_100ep_3way_s44n,60,60,test,42.9169,73.0767,82.9729,68.0386,,55.5
r10_smoke2sf_base100_3way_s51n,85,85,test,42.3191,72.2668,83.1211,67.8620,,56.3
r10_smoke2sf_base100_3way_s48n,95,95,test,41.4009,71.3606,82.4249,67.1222,,60.8
r10_smoke2sf_lr005_100ep_3way_s51n,0,0,test,17.4325,33.6305,40.5015,28.7487,,30.7
r10_smoke2sf_base100_3way_s51n,90,90,test,41.2004,70.5614,82.0191,66.1947,,50.2
r10_smoke2sf_lr005_100ep_3way_s44n,65,65,test,43.2086,73.1304,85.1894,67.0935,,58.3
r10_smoke2sf_lr005_100ep_3way_s51n,5,5,test,28.5032,56.7624,67.5563,54.6175,,47.4
r10_smoke2sf_lr005_100ep_3way_s42n,0,0,test,15.9915,32.1004,38.4822,27.7943,,68.7
r10_smoke2sf_base100_3way_s51n,95,95,test,41.5264,71.4187,81.5679,67.3662,,47.1
r10_smoke2sf_lr005_100ep_3way_s51n,10,10,test,34.1875,63.6502,74.8299,59.7976,,43.2
r10_smoke2sf_lr005_100ep_3way_s44n,70,70,test,43.0049,72.2740,81.0084,68.7884,,57.8
r10_smoke2sf_lr005_100ep_3way_s42n,5,5,test,24.3635,49.2229,76.6195,42.4490,,56.0
r10_smoke2sf_lr005_100ep_3way_s51n,15,15,test,33.7122,64.2135,74.8152,59.4300,,37.8
r10_smoke2sf_lr005_100ep_3way_s45n,0,0,test,15.7570,32.5969,88.2569,28.7281,,45.7
r10_smoke2sf_lr005_100ep_3way_s44n,75,75,test,43.0943,72.7883,81.9070,69.6711,,47.0
r10_smoke2sf_lr005_100ep_3way_s51n,20,20,test,35.5212,64.3783,77.9518,59.0166,,34.1
r10_smoke2sf_lr005_100ep_3way_s42n,10,10,test,32.2627,59.3637,72.8430,55.4083,,51.0
r10_smoke2sf_lr005_100ep_3way_s51n,25,25,test,38.1559,68.5453,79.2824,64.1068,,49.5
r10_smoke2sf_lr005_100ep_3way_s44n,80,80,test,43.3107,72.8237,85.0816,67.5847,,71.0
r10_smoke2sf_lr005_100ep_3way_s45n,5,5,test,27.1207,53.1847,66.1279,52.4874,,88.1
r10_smoke2sf_lr005_100ep_3way_s42n,15,15,test,34.8858,64.7092,77.7742,59.5170,,72.1
r10_smoke2sf_lr005_100ep_3way_s51n,30,30,test,39.2493,69.0622,77.1348,65.2381,,33.1
r10_smoke2sf_lr005_100ep_3way_s44n,85,85,test,43.6097,72.8718,83.7759,68.2430,,51.4
r10_smoke2sf_lr005_100ep_3way_s45n,10,10,test,34.2719,62.8815,70.9610,61.6492,,59.6
r10_smoke2sf_lr005_100ep_3way_s51n,35,35,test,39.0962,68.0691,76.0926,66.1976,,39.5
r10_smoke2sf_lr005_100ep_3way_s42n,20,20,test,37.5635,67.4853,76.4785,63.4706,,57.6
r10_smoke2sf_lr005_100ep_3way_s44n,90,90,test,43.4935,73.2150,82.8559,69.0481,,41.5
r10_smoke2sf_lr005_100ep_3way_s51n,40,40,test,41.0742,71.8062,82.3857,66.6045,,33.7
r10_smoke2sf_lr005_100ep_3way_s45n,15,15,test,34.7515,63.3416,74.0533,59.8110,,61.4
r10_smoke2sf_lr005_100ep_3way_s42n,25,25,test,37.7784,68.4350,79.2283,64.8159,,56.2
r10_smoke2sf_lr005_100ep_3way_s51n,45,45,test,41.2631,70.6460,78.1305,67.0198,,38.9
r10_smoke2sf_lr005_100ep_3way_s44n,95,95,test,43.5599,73.2836,85.0752,69.2213,,48.6
r10_smoke2sf_lr005_100ep_3way_s45n,20,20,test,37.3637,67.2478,77.7850,61.1637,,42.4
r10_smoke2sf_lr005_100ep_3way_s51n,50,50,test,42.2960,72.7845,82.6120,67.2629,,43.5
r10_smoke2sf_lr005_100ep_3way_s48n,0,0,test,14.5513,31.0450,86.5067,27.2071,,60.4
r10_smoke2sf_lr005_100ep_3way_s42n,30,30,test,38.1735,67.6905,77.3416,63.1779,,62.0
r10_smoke2sf_lr005_100ep_3way_s45n,25,25,test,38.6501,68.3667,80.1533,63.6735,,41.8
r10_smoke2sf_lr005_100ep_3way_s51n,55,55,test,42.3797,72.2456,80.3973,68.0209,,31.3
r10_smoke2sf_lr005_100ep_3way_s48n,5,5,test,28.7511,56.4096,68.8657,54.1590,,62.4
r10_smoke2sf_lr005_100ep_3way_s42n,35,35,test,40.6717,71.0874,80.7303,66.5437,,62.5
r10_smoke2sf_lr005_100ep_3way_s45n,30,30,test,38.3947,69.8569,79.7553,63.9059,,57.4
r10_smoke2sf_lr005_100ep_3way_s51n,60,60,test,43.0291,72.6065,83.2823,67.7339,,49.7
r10_smoke2sf_lr005_100ep_3way_s51n,65,65,test,43.1890,73.3905,83.7770,68.0121,,50.8
r10_smoke2sf_lr005_100ep_3way_s48n,10,10,test,30.3855,58.7982,69.2849,56.3519,,57.9
r10_smoke2sf_lr005_100ep_3way_s42n,40,40,test,40.5024,71.0000,80.1445,67.2330,,62.9
r10_smoke2sf_lr005_100ep_3way_s45n,35,35,test,41.1947,71.9381,83.5225,66.3870,,62.9
r10_smoke2sf_lr005_100ep_3way_s51n,70,70,test,43.4962,73.0332,80.9181,69.3628,,29.7
r10_smoke2sf_lr005_100ep_3way_s48n,15,15,test,35.1177,64.3986,77.4329,58.8486,,45.5
r10_smoke2sf_lr005_100ep_3way_s45n,40,40,test,41.0802,70.8673,79.7296,67.2522,,43.6
r10_smoke2sf_lr005_100ep_3way_s42n,45,45,test,41.6888,72.3795,82.7763,67.2933,,48.6
r10_smoke2sf_lr005_100ep_3way_s51n,75,75,test,43.7272,74.0714,83.0628,69.3668,,83.7
r10_smoke2sf_lr005_100ep_3way_s45n,45,45,test,40.7984,70.6000,80.1586,66.4093,,63.6
r10_smoke2sf_lr005_100ep_3way_s42n,50,50,test,42.2320,72.0544,81.3041,67.0868,,67.3
r10_smoke2sf_lr005_100ep_3way_s48n,20,20,test,35.0179,65.1325,76.8464,60.2169,,79.9
r10_smoke2sf_lr005_100ep_3way_s51n,80,80,test,44.0754,73.8596,82.8898,69.1791,,31.1
r10_smoke2sf_lr005_100ep_3way_s45n,50,50,test,40.5391,71.2618,79.5676,67.0479,,54.4
r10_smoke2sf_lr005_100ep_3way_s42n,55,55,test,42.1305,72.4844,81.1521,68.3314,,55.1
r10_smoke2sf_lr005_100ep_3way_s51n,85,85,test,43.8775,73.6562,84.5367,68.4617,,39.0
r10_smoke2sf_lr005_100ep_3way_s48n,25,25,test,39.4207,69.6286,80.9363,64.6123,,56.9
r10_smoke2sf_lr005_100ep_3way_s45n,55,55,test,43.0647,73.4425,84.5108,68.4508,,32.4
r10_smoke2sf_lr005_100ep_3way_s42n,60,60,test,43.3167,73.8036,81.9455,69.3828,,32.4
r10_smoke2sf_lr005_100ep_3way_s45n,60,60,test,42.1240,72.1372,85.4008,66.4952,,58.4
r10_smoke2sf_lr005_100ep_3way_s51n,90,90,test,42.8669,71.9124,82.6254,68.2813,,81.8
r10_smoke2sf_lr005_100ep_3way_s48n,30,30,test,36.5531,68.0268,79.0067,62.9672,,87.5
r10_smoke2sf_lr005_100ep_3way_s42n,65,65,test,42.4624,72.4159,82.0234,67.7720,,68.1
r10_smoke2sf_lr005_100ep_3way_s51n,95,95,test,43.5418,73.1107,82.6811,69.0811,,42.6
r10_smoke2sf_lr005_100ep_3way_s45n,65,65,test,42.4846,72.0927,80.7010,69.4841,,48.5
r10_smoke2sf_lr005_100ep_3way_s48n,35,35,test,39.1590,67.3389,76.6388,63.4917,,45.5
r10_smoke2sf_lr005_100ep_3way_s42n,70,70,test,43.8262,74.0888,83.0447,69.1059,,71.1
r10_smoke2sf_lr005_100ep_3way_s45n,70,70,test,43.5685,73.3628,83.6566,68.9715,,46.8
r10_smoke2sf_lr005_100ep_3way_s48n,40,40,test,40.0572,69.5133,78.5394,65.1587,,40.3
r10_smoke2sf_lr005_100ep_3way_s42n,75,75,test,43.4922,73.4081,84.1919,69.2097,,38.1
r10_smoke2sf_lr005_100ep_3way_s45n,75,75,test,43.2108,72.4749,82.1668,68.8951,,44.1
r10_smoke2sf_lr005_100ep_3way_s48n,45,45,test,39.5801,68.8732,78.6628,64.3421,,48.5
r10_smoke2sf_lr005_100ep_3way_s42n,80,80,test,44.0487,73.5726,84.1716,69.4548,,27.0
r10_smoke2sf_lr005_100ep_3way_s45n,80,80,test,43.0814,72.5957,83.9061,68.5713,,29.2
r10_smoke2sf_lr005_100ep_3way_s48n,50,50,test,41.7672,71.9486,80.6521,67.3493,,32.2
r10_smoke2sf_lr005_100ep_3way_s42n,85,85,test,43.7118,73.2664,83.4391,69.2755,,162.5
r10_smoke2sf_lr005_100ep_3way_s45n,85,85,test,43.3187,72.9949,83.0574,69.3533,,157.5
r10_smoke2sf_lr005_100ep_3way_s48n,55,55,test,42.4404,72.3903,82.7667,67.2579,,148.1
r10_smoke2sf_lr005_100ep_3way_s42n,90,90,test,43.4763,73.4186,82.2733,69.2529,,24.4
r10_smoke2sf_lr005_100ep_3way_s48n,60,60,test,43.3632,72.9255,83.9892,67.6444,,44.4
r10_smoke2sf_lr005_100ep_3way_s45n,90,90,test,42.8795,72.0978,82.8672,68.6026,,46.2
r10_smoke2sf_lr005_100ep_3way_s42n,95,95,test,43.5288,73.2625,83.5098,68.8195,,40.6
r10_smoke2sf_lr005_100ep_3way_s48n,65,65,test,43.3423,73.0611,82.9485,68.9875,,44.8
r10_smoke2sf_lr005_100ep_3way_s45n,95,95,test,43.1253,72.4044,82.9978,68.6935,,44.1
r10_smoke2sf_lr005_100ep_3way_s46n,0,0,test,15.9218,33.1654,87.7518,29.2374,,35.9
r10_smoke2sf_lr005_100ep_3way_s46n,5,5,test,25.1392,51.8733,64.9139,49.0343,,43.5
r10_smoke2sf_lr005_100ep_3way_s48n,70,70,test,43.3884,73.4316,80.9410,69.8090,,48.1
r10_smoke2sf_lr005_100ep_3way_s49n,0,0,test,15.0980,31.0280,86.3559,27.2565,,48.1
r10_smoke2sf_lr005_100ep_3way_s46n,10,10,test,32.8988,61.6215,74.5887,57.9013,,76.0
r10_smoke2sf_lr005_100ep_3way_s48n,75,75,test,43.5884,73.7706,83.8198,68.6825,,75.6
r10_smoke2sf_lr005_100ep_3way_s49n,5,5,test,26.8722,53.5637,64.4992,52.9797,,84.9
r10_smoke2sf_lr005_100ep_3way_s46n,15,15,test,34.5966,63.3200,81.3365,51.5773,,35.3
r10_smoke2sf_lr005_100ep_3way_s48n,80,80,test,43.6582,73.7424,83.8669,69.5403,,34.6
r10_smoke2sf_lr005_100ep_3way_s48n,85,85,test,43.5347,73.5313,84.4563,68.7886,,51.8
r10_smoke2sf_lr005_100ep_3way_s46n,20,20,test,38.1165,68.2531,78.6713,63.0005,,53.0
r10_smoke2sf_lr005_100ep_3way_s49n,10,10,test,31.0212,59.7484,73.6217,55.8182,,92.1
r10_smoke2sf_lr005_100ep_3way_s46n,25,25,test,38.7821,68.8064,79.4563,63.2687,,31.7
r10_smoke2sf_lr005_100ep_3way_s48n,90,90,test,43.3201,73.1603,83.4585,68.8318,,43.5
r10_smoke2sf_lr005_100ep_3way_s49n,15,15,test,32.9483,61.8160,71.1832,58.9865,,43.1
r10_smoke2sf_lr005_100ep_3way_s46n,30,30,test,40.1376,71.0703,81.2313,66.5268,,29.1
r10_smoke2sf_lr005_100ep_3way_s48n,95,95,test,43.8298,73.3957,82.5305,70.1846,,32.8
r10_smoke2sf_lr005_100ep_3way_s46n,35,35,test,40.2964,70.4622,79.8688,65.0613,,35.0
r10_smoke2sf_lr005_100ep_3way_s49n,20,20,test,36.6519,67.3826,81.5339,61.9558,,39.9
r10_smoke2sf_lr005_100ep_3way_s46n,40,40,test,41.6191,72.0049,82.7934,66.0198,,29.1
r10_smoke2sf_lr005_100ep_3way_s49n,25,25,test,38.5174,69.8884,80.8440,65.2949,,31.3
r10_smoke2sf_lr005_100ep_3way_s46n,45,45,test,41.7419,72.2673,84.2501,65.9384,,28.0
r10_smoke2sf_lr005_100ep_3way_s49n,30,30,test,39.6542,70.9129,79.2553,66.8437,,28.2
r10_smoke2sf_lr005_100ep_3way_s46n,50,50,test,42.4870,72.2555,85.1127,65.4424,,26.0
r10_smoke2sf_lr005_100ep_3way_s49n,35,35,test,40.5334,70.4070,81.1068,65.3416,,27.8
r10_smoke2sf_lr005_100ep_3way_s46n,55,55,test,41.7161,71.9239,82.0457,67.1195,,22.3
r10_smoke2sf_lr005_100ep_3way_s49n,40,40,test,41.5031,71.3004,81.3634,66.8320,,27.6
r10_smoke2sf_lr005_100ep_3way_s46n,60,60,test,43.0782,72.3885,83.0093,67.3060,,24.5
r10_smoke2sf_lr005_100ep_3way_s49n,45,45,test,41.7275,72.4302,81.2707,67.4701,,29.2
r10_smoke2sf_lr005_100ep_3way_s46n,65,65,test,42.0601,71.5516,85.0787,66.6614,,24.0
r10_smoke2sf_lr005_100ep_3way_s49n,50,50,test,40.9484,71.0562,80.3710,67.3624,,25.0
r10_smoke2sf_lr005_100ep_3way_s46n,70,70,test,43.3587,73.0580,84.3341,67.5810,,26.4
r10_smoke2sf_lr005_100ep_3way_s49n,55,55,test,42.2190,71.7420,80.2220,66.5823,,27.8
r10_smoke2sf_lr005_100ep_3way_s46n,75,75,test,43.5314,72.9072,84.1464,67.9739,,29.0
r10_smoke2sf_lr005_100ep_3way_s49n,60,60,test,42.0638,72.3217,80.9542,68.1474,,29.7
r10_smoke2sf_lr005_100ep_3way_s46n,80,80,test,43.6978,73.1666,82.8431,68.4000,,26.5
r10_smoke2sf_lr005_100ep_3way_s49n,65,65,test,43.2149,73.3419,84.9236,67.7998,,29.4
r10_smoke2sf_lr005_100ep_3way_s46n,85,85,test,42.9267,72.3336,84.1762,67.5360,,25.8
r10_smoke2sf_lr005_100ep_3way_s46n,90,90,test,42.7106,71.6633,84.1077,67.0901,,30.7
r10_smoke2sf_lr005_100ep_3way_s49n,70,70,test,43.5033,73.3106,82.8572,68.0894,,34.6
r10_smoke2sf_lr005_100ep_3way_s46n,95,95,test,43.2437,72.5224,80.3397,69.3940,,29.1
r10_smoke2sf_lr005_100ep_3way_s49n,75,75,test,43.6967,73.5325,82.8583,68.2307,,33.1
r10_smoke2sf_lr005_100ep_3way_s50n,0,0,test,14.8379,31.5962,87.0326,28.3248,,23.6
r10_smoke2sf_lr005_100ep_3way_s49n,80,80,test,43.1201,72.9409,82.0770,69.4071,,29.9
r10_smoke2sf_lr005_100ep_3way_s50n,5,5,test,26.2312,56.1773,70.2135,53.6869,,22.8
r10_smoke2sf_lr005_100ep_3way_s50n,10,10,test,33.5602,61.1124,75.0775,57.4651,,53.1
r10_smoke2sf_lr005_100ep_3way_s49n,85,85,test,43.5145,73.4334,82.5973,69.3576,,66.3
r10_smoke2sf_lr005_100ep_3way_s50n,15,15,test,34.6528,64.5516,78.0351,59.0115,,21.5
r10_smoke2sf_lr005_100ep_3way_s49n,90,90,test,43.2899,73.0123,83.3987,68.0601,,29.4
r10_smoke2sf_lr005_100ep_3way_s50n,20,20,test,38.6872,68.7294,80.0088,63.8502,,24.1
r10_smoke2sf_lr005_100ep_3way_s49n,95,95,test,43.5867,72.8330,83.7848,68.7186,,30.8
r10_smoke2sf_lr005_100ep_3way_s50n,25,25,test,38.6052,68.0238,79.2013,63.7507,,25.6
r10_smoke2sf_lr005_100ep_3way_s50n,30,30,test,39.9228,69.8441,77.2044,65.5095,,17.2
r10_smoke2sf_lr005_100ep_3way_s50n,35,35,test,40.0423,69.3389,78.3416,65.6799,,16.5
r10_smoke2sf_lr005_100ep_3way_s50n,40,40,test,41.2536,71.4288,82.5074,66.4911,,16.7
r10_smoke2sf_lr005_100ep_3way_s50n,45,45,test,41.3285,70.8496,81.8000,65.5464,,16.8
r10_smoke2sf_lr005_100ep_3way_s50n,50,50,test,41.2718,71.4549,80.4543,67.6029,,16.9
r10_smoke2sf_lr005_100ep_3way_s50n,55,55,test,42.7805,72.7715,83.5480,67.1633,,16.6
r10_smoke2sf_lr005_100ep_3way_s50n,60,60,test,42.2840,71.6137,83.3298,66.7002,,16.8
r10_smoke2sf_lr005_100ep_3way_s50n,65,65,test,42.5222,72.6619,81.1403,68.1053,,17.6
r10_smoke2sf_lr005_100ep_3way_s50n,70,70,test,43.3464,72.7413,80.9854,68.6717,,46.8
r10_smoke2sf_lr005_100ep_3way_s50n,75,75,test,43.5266,72.8636,81.0496,69.8158,,16.8
r10_smoke2sf_lr005_100ep_3way_s50n,80,80,test,43.7555,72.9304,84.0921,68.0686,,17.0
r10_smoke2sf_lr005_100ep_3way_s50n,85,85,test,43.9542,73.2827,81.0033,69.7717,,17.0
r10_smoke2sf_lr005_100ep_3way_s50n,90,90,test,43.2724,72.7002,79.6783,69.9272,,17.1
r10_smoke2sf_lr005_100ep_3way_s50n,95,95,test,43.6372,72.7518,83.7735,68.4329,,16.9
