run,epochs,lr0,model,data,results_lines,results_md5
r10_aitod20_base30_3way_s45n,30,0.001,/workspace/weights/aitod_pretrain.pt,/root/datasets/AI-TOD_yolo/aitod20_3way.yaml,30,6349e3df25cc966216809551764b8876
r10_aitod20_base30_3way_s46n,30,0.001,/workspace/weights/aitod_pretrain.pt,/root/datasets/AI-TOD_yolo/aitod20_3way.yaml,30,c6edb4ca331eee8df2b436c061551341
r10_aitod20_base30_3way_s47n,30,0.001,/workspace/weights/aitod_pretrain.pt,/root/datasets/AI-TOD_yolo/aitod20_3way.yaml,30,9b58e049d6576fcd2aa846c3e6171841
r10_aitod20_base30_3way_s48n,30,0.001,/workspace/weights/aitod_pretrain.pt,/root/datasets/AI-TOD_yolo/aitod20_3way.yaml,30,ae11ccd0ba9f522a70311ade2affe45d
r10_aitod20_base30_3way_s49n,30,0.001,/workspace/weights/aitod_pretrain.pt,/root/datasets/AI-TOD_yolo/aitod20_3way.yaml,30,2c90f59923071bd79697c007e4053073
r10_aitod20_base30_3way_s50n,30,0.001,/workspace/weights/aitod_pretrain.pt,/root/datasets/AI-TOD_yolo/aitod20_3way.yaml,30,e123c48ae7f9bf3e48e8261f6d151b30
r10_aitod20_base30_3way_s51n,30,0.001,/workspace/weights/aitod_pretrain.pt,/root/datasets/AI-TOD_yolo/aitod20_3way.yaml,30,3b033070ac23588e62fbfbc7a7ee9ce1
r10_aitod20_lr005_30ep_3way_s45n,30,0.005,/workspace/weights/aitod_pretrain.pt,/root/datasets/AI-TOD_yolo/aitod20_3way.yaml,30,2f1f31ebc02d32f9bf154bde2ef6ce0c
r10_aitod20_lr005_30ep_3way_s46n,30,0.005,/workspace/weights/aitod_pretrain.pt,/root/datasets/AI-TOD_yolo/aitod20_3way.yaml,30,e83b38e63af08defacd214b2d4b104a8
r10_aitod20_lr005_30ep_3way_s47n,30,0.005,/workspace/weights/aitod_pretrain.pt,/root/datasets/AI-TOD_yolo/aitod20_3way.yaml,30,4043b79b7ebfa4573fba139f62e19310
r10_aitod20_lr005_30ep_3way_s48n,30,0.005,/workspace/weights/aitod_pretrain.pt,/root/datasets/AI-TOD_yolo/aitod20_3way.yaml,30,0862c5fa3a5d1707df48898b37566f15
r10_aitod20_lr005_30ep_3way_s49n,30,0.005,/workspace/weights/aitod_pretrain.pt,/root/datasets/AI-TOD_yolo/aitod20_3way.yaml,30,264513191c54708b110b8271785f65db
r10_aitod20_lr005_30ep_3way_s50n,30,0.005,/workspace/weights/aitod_pretrain.pt,/root/datasets/AI-TOD_yolo/aitod20_3way.yaml,30,1bf5f4ef3b3dc5acee99a6dd66735f9d
r10_aitod20_lr005_30ep_3way_s51n,30,0.005,/workspace/weights/aitod_pretrain.pt,/root/datasets/AI-TOD_yolo/aitod20_3way.yaml,30,338d713ebbef66806bb5394d7f876ed4
r10_dota_base30_3way_s45n,30,0.001,/workspace/weights/dota_pretrain.pt,/root/datasets_mask/dota_yolo/dota_20p_3way.yaml,30,7cb3b332616e1a0f3762e2e65095f938
r10_dota_base30_3way_s46n,30,0.001,/workspace/weights/dota_pretrain.pt,/root/datasets_mask/dota_yolo/dota_20p_3way.yaml,30,ac5833dcdc4eba3130e65fd1987f93a9
r10_dota_base30_3way_s47n,30,0.001,/workspace/weights/dota_pretrain.pt,/root/datasets_mask/dota_yolo/dota_20p_3way.yaml,30,d12bab74a458c57dd23a6f237f0a5a2b
r10_dota_base30_3way_s48n,30,0.001,/workspace/weights/dota_pretrain.pt,/root/datasets_mask/dota_yolo/dota_20p_3way.yaml,30,0cc0484ee8004725f6566b8a8a69fa19
r10_dota_base30_3way_s49n,30,0.001,/workspace/weights/dota_pretrain.pt,/root/datasets_mask/dota_yolo/dota_20p_3way.yaml,30,74d24634978c5413e8a13391cd7a54a2
r10_dota_base30_3way_s50n,30,0.001,/workspace/weights/dota_pretrain.pt,/root/datasets_mask/dota_yolo/dota_20p_3way.yaml,30,2b821f172a1eae1c90222b1cb1597b81
r10_dota_base30_3way_s51n,30,0.001,/workspace/weights/dota_pretrain.pt,/root/datasets_mask/dota_yolo/dota_20p_3way.yaml,30,8649641ca388b2be1dfcc90f408d9a5e
r10_dota_lr005_30ep_3way_s45n,30,0.005,/workspace/weights/dota_pretrain.pt,/root/datasets_mask/dota_yolo/dota_20p_3way.yaml,30,5615ed5e5f1d49710cb673d763c184f1
r10_dota_lr005_30ep_3way_s46n,30,0.005,/workspace/weights/dota_pretrain.pt,/root/datasets_mask/dota_yolo/dota_20p_3way.yaml,30,ebc2472c30e9eb4b45493467fe3eb767
r10_dota_lr005_30ep_3way_s47n,30,0.005,/workspace/weights/dota_pretrain.pt,/root/datasets_mask/dota_yolo/dota_20p_3way.yaml,30,e0405c353a9f95519210c8465abb7b3b
r10_dota_lr005_30ep_3way_s48n,30,0.005,/workspace/weights/dota_pretrain.pt,/root/datasets_mask/dota_yolo/dota_20p_3way.yaml,30,c11f508767cde16f9f8567bcd19f3404
r10_dota_lr005_30ep_3way_s49n,30,0.005,/workspace/weights/dota_pretrain.pt,/root/datasets_mask/dota_yolo/dota_20p_3way.yaml,30,74894c0e49ba908e621f637402372c2c
r10_dota_lr005_30ep_3way_s50n,30,0.005,/workspace/weights/dota_pretrain.pt,/root/datasets_mask/dota_yolo/dota_20p_3way.yaml,30,b22052c15772b2e39435325f97daefee
r10_dota_lr005_30ep_3way_s51n,30,0.005,/workspace/weights/dota_pretrain.pt,/root/datasets_mask/dota_yolo/dota_20p_3way.yaml,30,d0cb20755ab1b2be3fbe6590c107621a
r15_arch_y11_vistod15_base100_s42n,100,0.001,/root/workspace/weights/yolo11n.pt,/root/datasets_mask/dota15_yolo/dota15_20p_3way.yaml,100,4cb57510f03dbda4e882340820ab8a7c
r15_arch_y11_vistod15_base100_s43n,100,0.001,/root/workspace/weights/yolo11n.pt,/root/datasets_mask/dota15_yolo/dota15_20p_3way.yaml,100,5ba285ee94150cfb37ee1393cc360f25
r15_arch_y11_vistod15_base100_s44n,100,0.001,/root/workspace/weights/yolo11n.pt,/root/datasets_mask/dota15_yolo/dota15_20p_3way.yaml,100,2e720067ab3b04fd66595fb222e03581
r15_arch_y11_vistod15_lr005_100ep_s42n,100,0.005,/root/workspace/weights/yolo11n.pt,/root/datasets_mask/dota15_yolo/dota15_20p_3way.yaml,100,a4f7b9348e58d9ab62e3c60c28583c8c
r15_arch_y11_vistod15_lr005_100ep_s43n,100,0.005,/root/workspace/weights/yolo11n.pt,/root/datasets_mask/dota15_yolo/dota15_20p_3way.yaml,100,678407ae9f1b98621c59b9f4cb65888d
r15_arch_y11_vistod15_lr005_100ep_s44n,100,0.005,/root/workspace/weights/yolo11n.pt,/root/datasets_mask/dota15_yolo/dota15_20p_3way.yaml,100,f7b39f6fbcd4d74c5eb8c443694b3296
