t2_mask2mende_base100_s42n,shapeiou,100,0.9375,0.6712,0.9469,0.8685
t1a_d15toaitod_base100_s42n,shapeiou,100,0.2402,0.0987,0.7340,0.2490
t1a_d15toaitod_lr005_100ep_s42n,shapeiou,100,0.2363,0.0969,0.4318,0.2392
t1a_d15toaitod_base100_s43n,shapeiou,100,0.2399,0.0975,0.7650,0.2485
t1a_d15toaitod_lr005_100ep_s43n,shapeiou,100,0.2541,0.1034,0.4798,0.2554
t1a_d15toaitod_base100_s44n,shapeiou,100,0.2406,0.0992,0.7326,0.2444
t1a_d15toaitod_lr005_100ep_s44n,shapeiou,100,0.2469,0.1025,0.4967,0.2508
t1a_d15toaitod_base100_s45n,shapeiou,100,0.2431,0.1001,0.7524,0.2506
t1a_d15toaitod_lr005_100ep_s45n,shapeiou,100,0.2473,0.1018,0.5202,0.2538
t1a_d15toaitod_base100_s46n,shapeiou,100,0.2437,0.1002,0.7481,0.2526
t1a_d15toaitod_lr005_100ep_s46n,shapeiou,100,0.2463,0.1001,0.4627,0.2555
t1a_d15toaitod_base100_s47n,shapeiou,100,0.2396,0.0977,0.7224,0.2518
t1a_d15toaitod_lr005_100ep_s47n,shapeiou,100,0.2477,0.1016,0.4804,0.2515
t1a_d15toaitod_base100_s48n,shapeiou,100,0.2386,0.0987,0.7568,0.2478
t1a_d15toaitod_lr005_100ep_s48n,shapeiou,100,0.2451,0.1011,0.5186,0.2493
t1a_d15toaitod_base100_s49n,shapeiou,100,0.2403,0.0989,0.7471,0.2450
t1a_d15toaitod_lr005_100ep_s49n,shapeiou,100,0.2452,0.1006,0.5509,0.2397
t1a_d15toaitod_base100_s50n,shapeiou,100,0.2377,0.0986,0.7343,0.2461
t1a_d15toaitod_lr005_100ep_s50n,shapeiou,100,0.2374,0.0985,0.4284,0.2383
t1a_d15toaitod_base100_s51n,shapeiou,100,0.2416,0.1000,0.7400,0.2459
t1a_d15toaitod_lr005_100ep_s51n,shapeiou,100,0.2396,0.0978,0.4304,0.2413
t1d_dotatod15_base100_s49n,shapeiou,100,0.2720,0.1631,0.5566,0.2961
t1d_dotatod15_lr005_100ep_s49n,shapeiou,100,0.2862,0.1708,0.6339,0.3037
t1d_dotatod15_base100_s50n,shapeiou,100,0.2767,0.1645,0.5768,0.3016
t1d_dotatod15_lr005_100ep_s50n,shapeiou,100,0.2844,0.1698,0.6391,0.2987
t1d_dotatod15_base100_s51n,shapeiou,100,0.2753,0.1634,0.5842,0.2983
t1d_dotatod15_lr005_100ep_s51n,shapeiou,100,0.2884,0.1716,0.6917,0.2971
r10_d15d15_base30_3way_s43n,shapeiou,30,0.2471,0.1518,0.5615,0.2628
r10_d15d15_lr005_30ep_3way_s42n,shapeiou,30,0.2356,0.1425,0.6548,0.2548
r10_d15d15_lr005_30ep_3way_s44n,shapeiou,30,0.2476,0.1507,0.6984,0.2586
r10_d15d15_base30_3way_s44n,shapeiou,30,0.2477,0.1510,0.5676,0.2652
r10_d15d15_base30_3way_s42n,shapeiou,30,0.2490,0.1523,0.5705,0.2671
r10_mask20_base30_3way_s42n,shapeiou,30,0.9571,0.6577,0.9607,0.9282
r10_mask20_lr005_30ep_3way_s42n,shapeiou,30,0.9441,0.6359,0.9582,0.9171
r10_mask20_base30_3way_s43n,shapeiou,30,0.9506,0.6561,0.9474,0.9153
r10_aitod20_lr005_30ep_3way_s42n,shapeiou,30,0.2281,0.0899,0.3564,0.2335
r10_mask20_lr005_30ep_3way_s43n,shapeiou,30,0.9566,0.6539,0.9677,0.9153
r10_mask20_base30_3way_s44n,shapeiou,30,0.9515,0.6466,0.9560,0.9079
r10_mask20_lr005_30ep_3way_s44n,shapeiou,30,0.9539,0.6427,0.9344,0.9300
r10_aitod20_base30_3way_s43n,shapeiou,30,0.2601,0.1041,0.6005,0.2673
r10_mende20_base30_3way_s42n,shapeiou,30,0.9588,0.7336,0.9213,0.9131
r10_aitod20_lr005_30ep_3way_s43n,shapeiou,30,0.2391,0.0954,0.3484,0.2457
r10_mende20_lr005_30ep_3way_s42n,shapeiou,30,0.9647,0.7257,0.9377,0.9301
r10_mende20_base30_3way_s43n,shapeiou,30,0.9621,0.7307,0.9243,0.9068
r10_aitod20_base30_3way_s44n,shapeiou,30,0.2592,0.1057,0.6045,0.2705
r10_mende20_lr005_30ep_3way_s43n,shapeiou,30,0.9539,0.6991,0.9329,0.9004
r10_aitod20_lr005_30ep_3way_s44n,shapeiou,30,0.2456,0.0994,0.3538,0.2507
r10_mende20_base30_3way_s44n,shapeiou,30,0.9679,0.7280,0.9185,0.9280
r10_mende20_lr005_30ep_3way_s44n,shapeiou,30,0.9589,0.6804,0.9339,0.8941
r10_d15d15_lr005_30ep_3way_s43n,shapeiou,30,0.2632,0.1557,0.6081,0.2855
r10_p_d15toai_base100_3way_s42n,shapeiou,100,0.2387,0.0978,0.7276,0.2473
r10_p_vistod15_lr005_100ep_3way_s42n,shapeiou,100,0.2645,0.1519,0.6097,0.2824
r10_p_vistod15_base100_3way_s43n,shapeiou,100,0.2040,0.1168,0.5273,0.2187
r10_p_vistod15_lr005_100ep_3way_s44n,shapeiou,100,0.2599,0.1524,0.6071,0.2811
r10_p_d15toai_lr005_100ep_3way_s42n,shapeiou,100,0.2365,0.0964,0.4220,0.2414
r10_p_masktomende_base100_3way_s42n,shapeiou,100,0.9386,0.6814,0.9183,0.8877
r10_p_masktomende_lr005_100ep_3way_s42n,shapeiou,100,0.9397,0.6652,0.9154,0.8937
r10_p_d15toai_base100_3way_s43n,shapeiou,100,0.2390,0.0977,0.7427,0.2482
r10_p_masktomende_base100_3way_s43n,shapeiou,100,0.9466,0.6939,0.9295,0.8934
r10_p_masktomende_lr005_100ep_3way_s43n,shapeiou,100,0.9390,0.6809,0.9128,0.9025
r10_p_masktomende_base100_3way_s44n,shapeiou,100,0.9617,0.7056,0.9198,0.9237
r10_p_d15toai_lr005_100ep_3way_s43n,shapeiou,100,0.2415,0.0980,0.4485,0.2477
r10_p_masktomende_lr005_100ep_3way_s44n,shapeiou,100,0.9328,0.6631,0.9371,0.8750
r10_p_d15toai_base100_3way_s44n,shapeiou,100,0.2300,0.0921,0.7278,0.2420
r10_p_d15toai_lr005_100ep_3way_s44n,shapeiou,100,0.2456,0.1013,0.4723,0.2524
r10_p_aitovis_base100_3way_s42n,shapeiou,100,0.1860,0.1001,0.3054,0.2417
r10_p_aitovis_lr005_100ep_3way_s42n,shapeiou,100,0.1952,0.1049,0.3175,0.2515
r10_p_aitovis_base100_3way_s43n,shapeiou,100,0.1881,0.1012,0.2916,0.2471
r10_p_aitovis_lr005_100ep_3way_s43n,shapeiou,100,0.1951,0.1049,0.3137,0.2474
r10_p_aitovis_base100_3way_s44n,shapeiou,100,0.1879,0.1012,0.2907,0.2516
r10_p_aitovis_lr005_100ep_3way_s44n,shapeiou,100,0.1930,0.1024,0.3125,0.2471
r10_fire_lr005_30ep_3way_s42n,shapeiou,30,0.6750,0.3639,0.7418,0.6077
r10_fire_base30_3way_s42n,shapeiou,30,0.7205,0.3975,0.7797,0.6464
r10_fire_base30_3way_s43n,shapeiou,30,0.7108,0.3914,0.7638,0.6477
r10_fire_lr005_30ep_3way_s43n,shapeiou,30,0.6658,0.3508,0.7415,0.6073
r10_fire_lr005_30ep_3way_s44n,shapeiou,30,0.6453,0.3412,0.7204,0.5841
r10_fire_base30_3way_s44n,shapeiou,30,0.7191,0.3986,0.7787,0.6474
r10_p_vistod15_base100_3way_s42n,shapeiou,100,0.1987,0.1145,0.6549,0.2186
r10_p_vistod15_lr005_100ep_3way_s43n,shapeiou,100,0.2631,0.1528,0.5990,0.2825
r10_p_vistod15_base100_3way_s44n,shapeiou,100,0.1983,0.1144,0.6712,0.2156
r10_aitod20_base30_3way_s42n,shapeiou,30,0.2551,0.1021,0.6084,0.2705
r10_vis_base30_3way_s42n,shapeiou,30,0.2140,0.1177,0.3475,0.2604
r10_dota_base30_3way_s42n,shapeiou,30,0.2909,0.1708,0.7102,0.3029
r10_vis_lr005_30ep_3way_s42n,shapeiou,30,0.2094,0.1120,0.3482,0.2549
r10_vis_base30_3way_s43n,shapeiou,30,0.2106,0.1149,0.3224,0.2638
r10_vis_lr005_30ep_3way_s43n,shapeiou,30,0.2039,0.1119,0.3511,0.2452
r10_dota_lr005_30ep_3way_s42n,shapeiou,30,0.2733,0.1594,0.7284,0.2898
r10_vis_base30_3way_s44n,shapeiou,30,0.2139,0.1165,0.3425,0.2593
r10_vis_lr005_30ep_3way_s44n,shapeiou,30,0.1963,0.1064,0.3241,0.2475
r10_dota_base30_3way_s43n,shapeiou,30,0.2912,0.1704,0.6937,0.3001
r10_dota_lr005_30ep_3way_s43n,shapeiou,30,0.2922,0.1662,0.5772,0.3022
r10_dota_base30_3way_s44n,shapeiou,30,0.2973,0.1738,0.6957,0.3061
r10_dota_lr005_30ep_3way_s44n,shapeiou,30,0.2786,0.1615,0.7122,0.2923
r10_prior_css100_3way_s42n,css,100,0.9431,0.6909,0.9447,0.8694
r10_prior_base100_3way_s42n,shapeiou,100,0.9552,0.6959,0.9034,0.9116
r10_prior_pws100_3way_s42n,pws,100,0.9483,0.6785,0.8959,0.9322
r10_prior_sns100_3way_s42n,sns,100,0.9486,0.6826,0.9020,0.9089
r10_prior_css100_3way_s43n,css,100,0.9444,0.6799,0.9082,0.9223
r10_prior_base100_3way_s43n,shapeiou,100,0.9497,0.6901,0.9131,0.9130
r10_prior_pws100_3way_s43n,pws,100,0.9372,0.6735,0.9038,0.9159
r10_prior_sns100_3way_s43n,sns,100,0.9536,0.6940,0.9210,0.9144
r10_prior_css100_3way_s44n,css,100,0.9569,0.6951,0.9147,0.9316
r10_prior_base100_3way_s44n,shapeiou,100,0.9302,0.6842,0.9277,0.8792
r10_prior_pws100_3way_s44n,pws,100,0.9430,0.6870,0.9325,0.8983
r10_prior_sns100_3way_s44n,sns,100,0.9469,0.6928,0.9192,0.9025
r10_iv_src1_base100_3way_s42n,shapeiou,100,0.7348,0.4363,0.8342,0.6947
r10_iv_src1_lr005_100ep_3way_s42n,shapeiou,100,0.7308,0.4420,0.8358,0.6931
r10_iv_src2_base100_3way_s42n,shapeiou,100,0.7358,0.4359,0.8474,0.6864
r10_iv_src2_lr005_100ep_3way_s42n,shapeiou,100,0.7311,0.4387,0.8505,0.6757
r10_iv_src3_base100_3way_s42n,shapeiou,100,0.7291,0.4325,0.8572,0.6812
r10_iv_src3_lr005_100ep_3way_s42n,shapeiou,100,0.7302,0.4371,0.8403,0.6945
t1d_dotatod15_base100_s42n,shapeiou,100,0.2730,0.1626,0.6267,0.2979
t1d_dotatod15_lr005_100ep_s42n,shapeiou,100,0.2844,0.1689,0.6279,0.3034
t1d_dotatod15_base100_s43n,shapeiou,100,0.2701,0.1627,0.5423,0.3012
t1d_dotatod15_lr005_100ep_s43n,shapeiou,100,0.2886,0.1721,0.6418,0.3025
t1d_dotatod15_base100_s44n,shapeiou,100,0.2748,0.1625,0.6082,0.3032
t1d_dotatod15_lr005_100ep_s44n,shapeiou,100,0.2837,0.1693,0.6649,0.2958
t1d_dotatod15_base100_s45n,shapeiou,100,0.2765,0.1636,0.5784,0.3042
t1d_dotatod15_lr005_100ep_s45n,shapeiou,100,0.2877,0.1708,0.5575,0.3107
t1d_dotatod15_base100_s46n,shapeiou,100,0.2759,0.1640,0.6095,0.2951
t1d_dotatod15_lr005_100ep_s46n,shapeiou,100,0.2852,0.1708,0.6791,0.2947
t1d_dotatod15_base100_s47n,shapeiou,100,0.2743,0.1636,0.5739,0.2959
t1d_dotatod15_lr005_100ep_s47n,shapeiou,100,0.2871,0.1722,0.6817,0.2945
t1d_dotatod15_base100_s48n,shapeiou,100,0.2743,0.1643,0.5859,0.2921
t1d_dotatod15_lr005_100ep_s48n,shapeiou,100,0.2865,0.1707,0.6678,0.2955
r10_p_aitovis_base100_3way_s45n,shapeiou,100,0.1902,0.1028,0.2994,0.2425
r10_p_aitovis_lr005_100ep_3way_s45n,shapeiou,100,0.1934,0.1033,0.3178,0.2468
r10_p_vistod15_base100_3way_s45n,shapeiou,100,0.2009,0.1161,0.5971,0.2229
r10_p_vistod15_lr005_100ep_3way_s45n,shapeiou,100,0.2601,0.1529,0.6120,0.2739
r10_p_aitovis_base100_3way_s46n,shapeiou,100,0.1909,0.1036,0.3012,0.2479
r10_p_aitovis_lr005_100ep_3way_s46n,shapeiou,100,0.1927,0.1032,0.3107,0.2499
r10_p_vistod15_base100_3way_s46n,shapeiou,100,0.2071,0.1191,0.6842,0.2224
r10_p_vistod15_lr005_100ep_3way_s46n,shapeiou,100,0.2629,0.1515,0.5953,0.2776
r10_p_aitovis_base100_3way_s47n,shapeiou,100,0.1882,0.1020,0.2995,0.2433
r10_p_aitovis_lr005_100ep_3way_s47n,shapeiou,100,0.1961,0.1058,0.3117,0.2478
r10_p_vistod15_base100_3way_s47n,shapeiou,100,0.2019,0.1169,0.6609,0.2188
r10_p_vistod15_lr005_100ep_3way_s47n,shapeiou,100,0.2667,0.1552,0.5864,0.2848
r10_p_aitovis_base100_3way_s48n,shapeiou,100,0.1887,0.1021,0.3140,0.2414
r10_p_aitovis_lr005_100ep_3way_s48n,shapeiou,100,0.1912,0.1026,0.3037,0.2520
r10_p_vistod15_base100_3way_s48n,shapeiou,100,0.2030,0.1161,0.6487,0.2261
r10_p_vistod15_lr005_100ep_3way_s48n,shapeiou,100,0.2703,0.1588,0.6221,0.2841
r10_p_aitovis_base100_3way_s49n,shapeiou,100,0.1883,0.1017,0.3097,0.2429
r10_p_aitovis_lr005_100ep_3way_s49n,shapeiou,100,0.1954,0.1046,0.3299,0.2405
r10_p_vistod15_base100_3way_s49n,shapeiou,100,0.2007,0.1156,0.6722,0.2183
r10_p_vistod15_lr005_100ep_3way_s49n,shapeiou,100,0.2586,0.1500,0.6118,0.2764
r10_p_aitovis_base100_3way_s50n,shapeiou,100,0.1896,0.1024,0.2938,0.2459
r10_p_aitovis_lr005_100ep_3way_s50n,shapeiou,100,0.1940,0.1037,0.3142,0.2468
r10_p_vistod15_base100_3way_s50n,shapeiou,100,0.2081,0.1187,0.6316,0.2214
r10_p_vistod15_lr005_100ep_3way_s50n,shapeiou,100,0.2593,0.1509,0.6199,0.2747
r10_p_aitovis_base100_3way_s51n,shapeiou,100,0.1911,0.1039,0.2951,0.2466
r10_p_aitovis_lr005_100ep_3way_s51n,shapeiou,100,0.1935,0.1042,0.3137,0.2502
r10_p_vistod15_base100_3way_s51n,shapeiou,100,0.1984,0.1144,0.5809,0.2225
r10_p_vistod15_lr005_100ep_3way_s51n,shapeiou,100,0.2626,0.1514,0.6022,0.2746
mendein_base100_s43n,shapeiou,100,0.9706,0.7312,0.9306,0.9258
mendein_pws_100ep_s43n,pws,100,0.9608,0.7285,0.9501,0.8879
mendein_base100_s44n,shapeiou,100,0.9653,0.7303,0.9184,0.9299
mendein_pws_100ep_s44n,pws,100,0.9660,0.7316,0.9166,0.9320
shwd2sf_lw003_lr005_30ep_s42n,shapeiou,30,0.7163,0.4100,0.8270,0.6627
shwd2sf_lw003_lr005_30ep_s43n,shapeiou,30,0.7107,0.4069,0.8175,0.6597
shwd2sf_lw003_lr005_30ep_s44n,shapeiou,30,0.7092,0.4083,0.8274,0.6544
shwd2sf_lw003_lr005_100ep_s42n,shapeiou,100,0.7353,0.4334,0.8402,0.6895
shwd2sf_lw003_lr005_100ep_s43n,shapeiou,100,0.7318,0.4325,0.8362,0.6922
shwd2sf_lw003_lr005_100ep_s44n,shapeiou,100,0.7312,0.4341,0.8424,0.6769
g4_mende3way_base100_s42n,shapeiou,100,0.9622,0.7279,0.9254,0.9201
g4_mende3way_lr005_100ep_s42n,shapeiou,100,0.9647,0.7257,0.9377,0.9301
g4_mende3way_base100_s43n,shapeiou,100,0.9621,0.7307,0.9243,0.9068
g4_mende3way_lr005_100ep_s43n,shapeiou,100,0.9681,0.7079,0.9327,0.9102
g4_mende3way_base100_s44n,shapeiou,100,0.9581,0.7220,0.9341,0.9004
g4_mende3way_lr005_100ep_s44n,shapeiou,100,0.9589,0.6804,0.9339,0.8941
g4_mende3way_base100_s45n,shapeiou,100,0.9591,0.7270,0.9429,0.8983
g4_mende3way_lr005_100ep_s45n,shapeiou,100,0.9576,0.7076,0.9497,0.8919
g4_mende3way_base100_s46n,shapeiou,100,0.9601,0.7143,0.9540,0.9025
g4_mende3way_lr005_100ep_s46n,shapeiou,100,0.9535,0.6960,0.9438,0.8894
g4_mende3way_base100_s47n,shapeiou,100,0.9580,0.7281,0.9327,0.9095
g4_mende3way_lr005_100ep_s47n,shapeiou,100,0.9636,0.7166,0.9506,0.8963
g4_mende3way_base100_s48n,shapeiou,100,0.9588,0.7261,0.9210,0.9134
g4_mende3way_lr005_100ep_s48n,shapeiou,100,0.9525,0.6900,0.9449,0.8898
g4_mende3way_base100_s49n,shapeiou,100,0.9579,0.7261,0.9421,0.8960
g4_mende3way_lr005_100ep_s49n,shapeiou,100,0.9572,0.7134,0.9085,0.9461
g4_mende3way_base100_s50n,shapeiou,100,0.9627,0.7303,0.9313,0.9089
g4_mende3way_lr005_100ep_s50n,shapeiou,100,0.9459,0.6920,0.9122,0.9247
g4_mende3way_base100_s51n,shapeiou,100,0.9533,0.7223,0.9158,0.9089
g4_mende3way_lr005_100ep_s51n,shapeiou,100,0.9608,0.6933,0.9271,0.9165
g1p_c2v_base100_s42n,shapeiou,100,0.5177,0.3262,0.7686,0.4865
g1p_c2v_lr005_100ep_s42n,shapeiou,100,0.4909,0.2952,0.6664,0.5185
g1p_c2v_base100_s43n,shapeiou,100,0.5141,0.3222,0.7404,0.4880
g1p_c2v_lr005_100ep_s43n,shapeiou,100,0.4659,0.2876,0.6348,0.4908
g1p_c2v_base100_s44n,shapeiou,100,0.5174,0.3281,0.6961,0.5320
g1p_c2v_lr005_100ep_s44n,shapeiou,100,0.4445,0.2720,0.6746,0.4423
g1p_c2v_base100_s45n,shapeiou,100,0.5121,0.3289,0.7377,0.5081
g1p_c2v_lr005_100ep_s45n,shapeiou,100,0.4776,0.2872,0.7048,0.4830
g1p_c2v_base100_s46n,shapeiou,100,0.5151,0.3314,0.7205,0.5008
g1p_c2v_lr005_100ep_s46n,shapeiou,100,0.4638,0.2729,0.6354,0.4968
r10_vis_base30_3way_s48n,shapeiou,30,0.2146,0.1177,0.3435,0.2604
r10_d15d15_base30_3way_s45n,shapeiou,30,0.2492,0.1535,0.5807,0.2649
r10_vis_base30_3way_s49n,shapeiou,30,0.2129,0.1163,0.3403,0.2578
r10_vis_base30_3way_s50n,shapeiou,30,0.2108,0.1156,0.3427,0.2530
r10_d15d15_lr005_30ep_3way_s45n,shapeiou,30,0.2345,0.1418,0.5902,0.2558
r10_vis_base30_3way_s51n,shapeiou,30,0.2123,0.1162,0.3462,0.2547
r10_vis_lr005_30ep_3way_s45n,shapeiou,30,0.2024,0.1108,0.3172,0.2532
r10_d15d15_base30_3way_s46n,shapeiou,30,0.2473,0.1515,0.5480,0.2700
r10_vis_lr005_30ep_3way_s46n,shapeiou,30,0.2052,0.1103,0.3504,0.2503
r10_d15d15_lr005_30ep_3way_s46n,shapeiou,30,0.2618,0.1535,0.6195,0.2846
r10_vis_lr005_30ep_3way_s47n,shapeiou,30,0.2028,0.1103,0.3135,0.2583
r10_d15d15_base30_3way_s47n,shapeiou,30,0.2478,0.1506,0.5858,0.2598
r10_vis_lr005_30ep_3way_s48n,shapeiou,30,0.2027,0.1080,0.3445,0.2417
r10_vis_lr005_30ep_3way_s49n,shapeiou,30,0.2045,0.1106,0.3165,0.2587
r10_vis_lr005_30ep_3way_s50n,shapeiou,30,0.1982,0.1053,0.3411,0.2468
r10_d15d15_lr005_30ep_3way_s47n,shapeiou,30,0.2605,0.1524,0.6406,0.2833
r10_vis_lr005_30ep_3way_s51n,shapeiou,30,0.1992,0.1015,0.3391,0.2396
r10_d15d15_base30_3way_s48n,shapeiou,30,0.2474,0.1520,0.5504,0.2695
r10_d15d15_lr005_30ep_3way_s48n,shapeiou,30,0.2615,0.1565,0.6161,0.2799
r10_d15d15_base30_3way_s49n,shapeiou,30,0.2492,0.1522,0.5524,0.2711
r10_d15d15_lr005_30ep_3way_s49n,shapeiou,30,0.2612,0.1549,0.6206,0.2784
r10_d15d15_base30_3way_s50n,shapeiou,30,0.2507,0.1547,0.5759,0.2657
r10_d15d15_lr005_30ep_3way_s50n,shapeiou,30,0.2628,0.1563,0.6015,0.2885
r10_d15d15_base30_3way_s51n,shapeiou,30,0.2484,0.1518,0.5766,0.2674
r10_d15d15_lr005_30ep_3way_s51n,shapeiou,30,0.2586,0.1540,0.5922,0.2774
r10_vis_base30_3way_s45n,shapeiou,30,0.2140,0.1174,0.3560,0.2585
r10_vis_lr005_30ep_3way_s45n,shapeiou,30,0.1994,0.1087,0.3169,0.2513
r10_vis_base30_3way_s46n,shapeiou,30,0.2160,0.1184,0.3567,0.2590
r10_vis_lr005_30ep_3way_s46n,shapeiou,30,0.2052,0.1128,0.3341,0.2545
r10_vis_base30_3way_s47n,shapeiou,30,0.2141,0.1174,0.3486,0.2575
r10_vis_lr005_30ep_3way_s47n,shapeiou,30,0.2023,0.1098,0.3173,0.2555
r10_dota_base30_3way_s45n,shapeiou,30,0.3021,0.1753,0.6961,0.3088
r10_aitod20_lr005_30ep_3way_s46n,shapeiou,30,0.2432,0.0989,0.4482,0.2547
r10_dota_base30_3way_s46n,shapeiou,30,0.2900,0.1674,0.6846,0.3014
r10_dota_lr005_30ep_3way_s46n,shapeiou,30,0.2976,0.1677,0.6660,0.3066
r10_aitod20_lr005_30ep_3way_s48n,shapeiou,30,0.2341,0.0900,0.5925,0.2555
r10_dota_base30_3way_s47n,shapeiou,30,0.2982,0.1728,0.6709,0.3193
r10_aitod20_lr005_30ep_3way_s50n,shapeiou,30,0.2422,0.0924,0.6916,0.2594
r10_dota_lr005_30ep_3way_s47n,shapeiou,30,0.2778,0.1616,0.7206,0.2921
r10_dota_base30_3way_s48n,shapeiou,30,0.2954,0.1727,0.6933,0.3070
r10_dota_lr005_30ep_3way_s48n,shapeiou,30,0.2975,0.1704,0.6163,0.3056
r10_dota_base30_3way_s49n,shapeiou,30,0.2896,0.1691,0.7145,0.3022
r10_dota_lr005_30ep_3way_s49n,shapeiou,30,0.2800,0.1604,0.7223,0.2942
r10_dota_base30_3way_s50n,shapeiou,30,0.2912,0.1716,0.7245,0.3008
r10_dota_lr005_30ep_3way_s50n,shapeiou,30,0.2704,0.1573,0.7214,0.2827
r10_dota_base30_3way_s51n,shapeiou,30,0.2929,0.1695,0.6942,0.3147
r10_dota_lr005_30ep_3way_s51n,shapeiou,30,0.2938,0.1672,0.6633,0.3071
r10_aitod20_base30_3way_s45n,shapeiou,30,0.2581,0.1043,0.6048,0.2655
r10_aitod20_base30_3way_s46n,shapeiou,30,0.2579,0.1034,0.5963,0.2673
r10_aitod20_base30_3way_s47n,shapeiou,30,0.2606,0.1054,0.5909,0.2736
r10_aitod20_base30_3way_s48n,shapeiou,30,0.2603,0.1056,0.6109,0.2707
r10_aitod20_base30_3way_s49n,shapeiou,30,0.2476,0.0982,0.4500,0.2629
r10_aitod20_base30_3way_s50n,shapeiou,30,0.2642,0.1062,0.5931,0.2799
r10_aitod20_base30_3way_s51n,shapeiou,30,0.2613,0.1074,0.3560,0.2705
r15_arch_y11_vistod15_base100_s43n,shapeiou,100,0.1780,0.1045,0.6431,0.1991
r15_arch_y11_vistod15_base100_s44n,shapeiou,100,0.1808,0.1055,0.7182,0.2008
r10_dota_lr005_30ep_3way_s45n,shapeiou,30,0.2701,0.1567,0.7309,0.2838
r10_aitod20_lr005_30ep_3way_s45n,shapeiou,30,0.2301,0.0844,0.6966,0.2449
r10_aitod20_lr005_30ep_3way_s47n,shapeiou,30,0.2397,0.0913,0.7179,0.2560
r10_aitod20_lr005_30ep_3way_s49n,shapeiou,30,0.2346,0.0896,0.6831,0.2569
r10_aitod20_lr005_30ep_3way_s51n,shapeiou,30,0.2348,0.0916,0.5988,0.2470
r15_arch_y11_vistod15_base100_s42n,shapeiou,100,0.1839,0.1074,0.6392,0.1943
r15_arch_y11_vistod15_lr005_100ep_s42n,shapeiou,100,0.2433,0.1439,0.5518,0.2623
r15_arch_y11_vistod15_lr005_100ep_s43n,shapeiou,100,0.2380,0.1388,0.5864,0.2614
r15_arch_y11_vistod15_lr005_100ep_s44n,shapeiou,100,0.2448,0.1445,0.5543,0.2719
mechctl_a_5ep_s42,shapeiou,5,0.0833,0.0448,0.3202,0.1251
mech_a_aitodtovis_base200_s42n,shapeiou,200,0.1895,0.1018,0.2921,0.2516
mech_a_aitodtovis_lr005_200ep_s42n,shapeiou,200,0.1891,0.1015,0.3150,0.2440
mech_a_aitodtovis_base200_s43n,shapeiou,200,0.1873,0.0998,0.2963,0.2421
mech_a_aitodtovis_lr005_200ep_s43n,shapeiou,200,0.1861,0.0992,0.3081,0.2416
mech_a_aitodtovis_base200_s44n,shapeiou,200,0.1880,0.1001,0.2970,0.2501
mech_a_aitodtovis_lr005_200ep_s44n,shapeiou,200,0.1853,0.0993,0.3036,0.2449
mech_a_aitodtovis_base200_s45n,shapeiou,200,0.1893,0.1015,0.2948,0.2494
mech_a_aitodtovis_lr005_200ep_s45n,shapeiou,200,0.1843,0.0994,0.3167,0.2386
mech_a_aitodtovis_base200_s46n,shapeiou,200,0.1885,0.1012,0.2924,0.2487
mech_a_aitodtovis_lr005_200ep_s46n,shapeiou,200,0.1851,0.0983,0.3103,0.2400
mech_a_aitodtovis_base200_s47n,shapeiou,200,0.1911,0.1019,0.2934,0.2540
mech_a_aitodtovis_lr005_200ep_s47n,shapeiou,200,0.1917,0.1030,0.3107,0.2459
mech_a_aitodtovis_base200_s48n,shapeiou,200,0.1879,0.1004,0.2870,0.2503
mech_a_aitodtovis_lr005_200ep_s48n,shapeiou,200,0.1888,0.1006,0.3107,0.2465
mech_a_aitodtovis_base200_s49n,shapeiou,200,0.1894,0.1014,0.2966,0.2480
mech_a_aitodtovis_lr005_200ep_s49n,shapeiou,200,0.1886,0.1011,0.3123,0.2434
mech_a_aitodtovis_base200_s50n,shapeiou,200,0.1871,0.1000,0.2889,0.2470
mech_a_aitodtovis_lr005_200ep_s50n,shapeiou,200,0.1914,0.1018,0.2999,0.2501
mech_a_aitodtovis_base200_s51n,shapeiou,200,0.1911,0.1019,0.2991,0.2484
mech_a_aitodtovis_lr005_200ep_s51n,shapeiou,107,0.1886,0.1003,0.3221,0.2423
mech_a_aitodtovis_lr005_200ep_s51n,shapeiou,200,0.1864,0.0997,0.3093,0.2448
calA_gpu1_base30_s42n,shapeiou,30,0.7208,0.4214,0.8393,0.6653
calA_gpu0_base30_s42n,shapeiou,30,0.7208,0.4214,0.8393,0.6653
ns30_s42n,shapeiou,30,0.7191,0.4209,0.8331,0.6608
sp1000_s42n,shapeiou,3,0.6467,0.3694,0.8007,0.5836
sp1000_s43n,shapeiou,3,0.6467,0.3694,0.8007,0.5836
b2_shwd2sf_base30_s45n,shapeiou,30,0.7223,0.4214,0.8078,0.6758
b2_shwd2sf_base30_s44n,shapeiou,30,0.7246,0.4247,0.8266,0.6721
b2_shwd2sf_base30_s42n,shapeiou,30,0.7208,0.4214,0.8393,0.6653
b2_shwd2sf_base30_s43n,shapeiou,30,0.7225,0.4246,0.8223,0.6705
b2_shwd2sf_lr005_30ep_s45n,shapeiou,30,0.7341,0.4325,0.8372,0.6868
b2_shwd2sf_lr005_30ep_s44n,shapeiou,30,0.7386,0.4338,0.8315,0.6893
b2_shwd2sf_lr005_30ep_s43n,shapeiou,30,0.7353,0.4345,0.8147,0.6917
b2_shwd2sf_lr005_30ep_s42n,shapeiou,30,0.7361,0.4331,0.8209,0.6917
b2_shwd2sf_base30_s48n,shapeiou,30,0.7207,0.4218,0.8126,0.6749
b2_shwd2sf_base30_s49n,shapeiou,30,0.7275,0.4258,0.8395,0.6634
b2_shwd2sf_base30_s46n,shapeiou,30,0.7234,0.4255,0.8322,0.6708
b2_shwd2sf_base30_s47n,shapeiou,30,0.7188,0.4261,0.8471,0.6534
b2_shwd2sf_lr005_30ep_s47n,shapeiou,30,0.7375,0.4317,0.8258,0.6866
b2_shwd2sf_lr005_30ep_s49n,shapeiou,30,0.7279,0.4301,0.8363,0.6798
b2_shwd2sf_lr005_30ep_s48n,shapeiou,30,0.7319,0.4322,0.8635,0.6670
b2_shwd2sf_lr005_30ep_s46n,shapeiou,30,0.7316,0.4284,0.8368,0.6787
b2_shwd2sf_base30_s50n,shapeiou,30,0.7263,0.4250,0.8361,0.6652
b2_shwd2sf_base30_s51n,shapeiou,30,0.7235,0.4258,0.8348,0.6690
b2_shwd2sf_base50_s42n,shapeiou,50,0.7354,0.4330,0.8433,0.6798
b2_shwd2sf_base50_s43n,shapeiou,50,0.7289,0.4316,0.8359,0.6757
b2_shwd2sf_lr005_30ep_s50n,shapeiou,30,0.7334,0.4357,0.8251,0.6928
b2_shwd2sf_lr005_30ep_s51n,shapeiou,30,0.7304,0.4313,0.8370,0.6768
b2_shwd2sf_lr005_50ep_s42n,shapeiou,50,0.7371,0.4374,0.8230,0.6936
b2_shwd2sf_lr005_50ep_s43n,shapeiou,50,0.7386,0.4401,0.8353,0.6935
b2_shwd2sf_base50_s44n,shapeiou,50,0.7352,0.4337,0.8410,0.6763
b2_shwd2sf_base50_s45n,shapeiou,50,0.7336,0.4309,0.8247,0.6808
b2_shwd2sf_base50_s46n,shapeiou,50,0.7378,0.4344,0.8282,0.6897
b2_shwd2sf_base50_s47n,shapeiou,50,0.7350,0.4363,0.8311,0.6849
b2_shwd2sf_lr005_50ep_s44n,shapeiou,50,0.7394,0.4427,0.8313,0.7020
b2_shwd2sf_lr005_50ep_s45n,shapeiou,50,0.7442,0.4430,0.8340,0.7005
b2_shwd2sf_lr005_50ep_s46n,shapeiou,50,0.7455,0.4431,0.8476,0.6971
b2_shwd2sf_lr005_50ep_s47n,shapeiou,50,0.7422,0.4407,0.8399,0.6998
b2_shwd2sf_base50_s48n,shapeiou,50,0.7337,0.4323,0.8393,0.6799
b2_shwd2sf_base50_s49n,shapeiou,50,0.7315,0.4316,0.8143,0.6877
b2_shwd2sf_base50_s51n,shapeiou,50,0.7379,0.4370,0.8334,0.6819
b2_shwd2sf_base50_s50n,shapeiou,50,0.7344,0.4346,0.8177,0.6804
b2_shwd2sf_lr005_50ep_s49n,shapeiou,50,0.7357,0.4396,0.8128,0.6980
b2_shwd2sf_lr005_50ep_s48n,shapeiou,50,0.7385,0.4422,0.8385,0.6887
b2_shwd2sf_lr005_50ep_s50n,shapeiou,50,0.7441,0.4400,0.8382,0.6878
b2_shwd2sf_lr005_50ep_s51n,shapeiou,50,0.7371,0.4394,0.8343,0.6991
b2_shwd2sf_base100_s43n,shapeiou,100,0.7380,0.4339,0.8366,0.7046
b2_shwd2sf_base100_s42n,shapeiou,100,0.7311,0.4369,0.8472,0.6841
b2_shwd2sf_base100_s44n,shapeiou,100,0.7433,0.4376,0.8494,0.6880
b2_shwd2sf_base100_s45n,shapeiou,100,0.7432,0.4394,0.8365,0.6958
b2_shwd2sf_lr005_100ep_s42n,shapeiou,100,0.7405,0.4433,0.8541,0.6967
b2_shwd2sf_lr005_100ep_s43n,shapeiou,100,0.7393,0.4435,0.8344,0.7030
b2_shwd2sf_lr005_100ep_s44n,shapeiou,100,0.7381,0.4427,0.8284,0.7071
b2_shwd2sf_lr005_100ep_s45n,shapeiou,100,0.7404,0.4441,0.8242,0.7031
b2_shwd2sf_base100_s46n,shapeiou,100,0.7383,0.4401,0.8436,0.6966
b2_shwd2sf_base100_s49n,shapeiou,100,0.7378,0.4352,0.8360,0.6913
b2_shwd2sf_base100_s47n,shapeiou,100,0.7361,0.4367,0.8388,0.6909
b2_shwd2sf_base100_s48n,shapeiou,100,0.7323,0.4391,0.8374,0.6922
b2_shwd2sf_lr005_100ep_s47n,shapeiou,100,0.7395,0.4427,0.8377,0.6985
b2_shwd2sf_lr005_100ep_s48n,shapeiou,100,0.7494,0.4489,0.8536,0.7062
b2_shwd2sf_lr005_100ep_s49n,shapeiou,100,0.7382,0.4436,0.8386,0.6964
b2_shwd2sf_lr005_100ep_s46n,shapeiou,100,0.7458,0.4454,0.8463,0.7004
b2_shwd2sf_base100_s51n,shapeiou,100,0.7376,0.4382,0.8494,0.6796
b2_shwd2sf_base100_s50n,shapeiou,100,0.7368,0.4384,0.8258,0.7000
b2_shwd2sf_lr005_100ep_s51n,shapeiou,100,0.7438,0.4463,0.8353,0.7109
b2_shwd2sf_lr005_100ep_s50n,shapeiou,100,0.7344,0.4444,0.8493,0.6922
b2_shwd2sf_base200_s42n,shapeiou,200,0.7311,0.4354,0.8414,0.6928
b2_shwd2sf_base200_s45n,shapeiou,200,0.7334,0.4360,0.8433,0.6900
b2_shwd2sf_base200_s44n,shapeiou,200,0.7328,0.4360,0.8389,0.7001
b2_shwd2sf_base200_s43n,shapeiou,200,0.7345,0.4372,0.8214,0.7031
b2_shwd2sf_lr005_200ep_s45n,shapeiou,200,0.7440,0.4473,0.8559,0.6975
b2_shwd2sf_lr005_200ep_s42n,shapeiou,200,0.7395,0.4440,0.8484,0.6948
b2_shwd2sf_lr005_200ep_s44n,shapeiou,200,0.7394,0.4445,0.8436,0.6909
b2_shwd2sf_lr005_200ep_s43n,shapeiou,200,0.7361,0.4426,0.8370,0.6912
b2_shwd2sf_base200_s49n,shapeiou,200,0.7357,0.4360,0.8375,0.6850
b2_shwd2sf_base200_s46n,shapeiou,200,0.7389,0.4389,0.8577,0.6914
b2_shwd2sf_base200_s48n,shapeiou,200,0.7294,0.4352,0.8170,0.6958
b2_shwd2sf_base200_s47n,shapeiou,200,0.7298,0.4350,0.8142,0.7055
b2_shwd2sf_lr005_200ep_s49n,shapeiou,200,0.7444,0.4448,0.8391,0.6935
b2_shwd2sf_lr005_200ep_s48n,shapeiou,200,0.7398,0.4454,0.8444,0.6988
b2_shwd2sf_lr005_200ep_s46n,shapeiou,200,0.7356,0.4433,0.8278,0.7009
b2_shwd2sf_lr005_200ep_s47n,shapeiou,200,0.7408,0.4454,0.8508,0.7012
b2_shwd2sf_base200_s50n,shapeiou,200,0.7332,0.4366,0.8304,0.6966
b2_shwd2sf_base200_s51n,shapeiou,200,0.7410,0.4386,0.8172,0.7142
b2_shwd2sf_lr005_200ep_s50n,shapeiou,200,0.7391,0.4448,0.8257,0.7114
b2_shwd2sf_lr005_200ep_s51n,shapeiou,200,0.7390,0.4422,0.8410,0.7069
g3clean_smoke,shapeiou,2,0.2438,0.1468,0.6409,0.2617
g3clean_e50_base_s42n,shapeiou,50,0.2539,0.1552,0.5895,0.2800
g3clean_e50_lr005_s42n,shapeiou,50,0.2753,0.1644,0.6627,0.2902
g3clean_e50_base_s43n,shapeiou,50,0.2488,0.1497,0.5747,0.2703
g3clean_e50_base_s43n,shapeiou,50,0.2550,0.1545,0.5907,0.2815
g3clean_e50_base_s44n,shapeiou,50,0.2553,0.1555,0.6036,0.2740
g3clean_e50_base_s45n,shapeiou,50,0.2606,0.1595,0.6162,0.2793
g3clean_e50_lr005_s43n,shapeiou,50,0.2719,0.1595,0.6017,0.2909
g3clean_e50_base_s46n,shapeiou,50,0.2564,0.1563,0.6052,0.2785
g3clean_e50_lr005_s44n,shapeiou,50,0.2754,0.1622,0.6162,0.2950
g3clean_e50_lr005_s45n,shapeiou,50,0.2692,0.1589,0.6536,0.2887
g3clean_e50_lr005_s46n,shapeiou,50,0.2734,0.1598,0.6274,0.2948
g3clean_e400_base_s42n,shapeiou,400,0.2886,0.1727,0.6749,0.2996
g3clean_e400_lr005_s42n,shapeiou,400,0.3061,0.1806,0.6589,0.3217
g3clean_e400_base_s43n,shapeiou,400,0.2957,0.1756,0.6853,0.3008
g3clean_e400_lr005_s43n,shapeiou,400,0.3001,0.1777,0.6940,0.3138
g3clean_e400_base_s44n,shapeiou,400,0.2899,0.1730,0.6534,0.3066
g3clean_e400_lr005_s44n,shapeiou,400,0.3058,0.1825,0.6468,0.3240
g3clean_e400_base_s45n,shapeiou,400,0.2908,0.1738,0.6648,0.3052
g3clean_e400_lr005_s45n,shapeiou,400,0.3007,0.1774,0.6433,0.3181
g3clean_e400_base_s46n,shapeiou,400,0.2869,0.1721,0.6366,0.3068
g3clean_e400_lr005_s46n,shapeiou,400,0.3073,0.1815,0.6621,0.3172
b2_shwd2sf_base300_s42n,shapeiou,300,0.7392,0.4389,0.8453,0.7007
b2_shwd2sf_base300_s47n,shapeiou,300,0.7381,0.4389,0.8470,0.6871
