run,cell,arm,seed,ckpt,split,map50_95,map50,mp,mr,epochs_done,data_yaml,secs
r10_aitod20_base30_3way_s42n,aitod20,base30,42,best,test,10.2107,25.5066,60.8351,27.0486,30,/root/datasets/AI-TOD_yolo/aitod20_3way.yaml,164.4
r10_aitod20_base30_3way_s42n,aitod20,base30,42,last,test,10.5869,26.2150,61.0518,26.8428,30,/root/datasets/AI-TOD_yolo/aitod20_3way.yaml,11.0
r10_aitod20_base30_3way_s43n,aitod20,base30,43,best,test,10.4130,26.0085,60.0501,26.7304,30,/root/datasets/AI-TOD_yolo/aitod20_3way.yaml,11.0
r10_aitod20_base30_3way_s43n,aitod20,base30,43,last,test,10.6534,26.2971,37.8898,26.6787,30,/root/datasets/AI-TOD_yolo/aitod20_3way.yaml,11.5
r10_aitod20_base30_3way_s44n,aitod20,base30,44,best,test,10.5689,25.9160,60.4544,27.0503,30,/root/datasets/AI-TOD_yolo/aitod20_3way.yaml,11.2
r10_aitod20_base30_3way_s44n,aitod20,base30,44,last,test,10.7652,26.4349,47.5591,27.5674,30,/root/datasets/AI-TOD_yolo/aitod20_3way.yaml,11.6
r10_aitod20_lr005_30ep_3way_s42n,aitod20,lr005_30ep,42,best,test,8.9908,22.8137,35.6387,23.3495,30,/root/datasets/AI-TOD_yolo/aitod20_3way.yaml,11.0
r10_aitod20_lr005_30ep_3way_s42n,aitod20,lr005_30ep,42,last,test,9.8861,24.6674,33.7762,25.6625,30,/root/datasets/AI-TOD_yolo/aitod20_3way.yaml,11.6
r10_aitod20_lr005_30ep_3way_s43n,aitod20,lr005_30ep,43,best,test,9.5385,23.9106,34.8435,24.5721,30,/root/datasets/AI-TOD_yolo/aitod20_3way.yaml,11.3
r10_aitod20_lr005_30ep_3way_s43n,aitod20,lr005_30ep,43,last,test,9.9873,24.7411,33.5995,25.4227,30,/root/datasets/AI-TOD_yolo/aitod20_3way.yaml,11.1
r10_aitod20_lr005_30ep_3way_s44n,aitod20,lr005_30ep,44,best,test,9.9353,24.5635,35.3827,25.0684,30,/root/datasets/AI-TOD_yolo/aitod20_3way.yaml,41.6
r10_aitod20_lr005_30ep_3way_s44n,aitod20,lr005_30ep,44,last,test,9.9353,24.5635,35.3827,25.0684,30,/root/datasets/AI-TOD_yolo/aitod20_3way.yaml,11.4
r10_d15d15_base30_3way_s42n,d15d15,base30,42,best,test,15.2343,24.9039,57.0539,26.7120,30,/root/datasets_mask/dota15_yolo/dota15_20p_3way.yaml,6.5
r10_d15d15_base30_3way_s42n,d15d15,base30,42,last,test,14.7260,24.3260,55.8774,26.5876,30,/root/datasets_mask/dota15_yolo/dota15_20p_3way.yaml,6.8
r10_d15d15_base30_3way_s43n,d15d15,base30,43,best,test,15.1764,24.7061,56.1472,26.2804,30,/root/datasets_mask/dota15_yolo/dota15_20p_3way.yaml,6.5
r10_d15d15_base30_3way_s43n,d15d15,base30,43,last,test,14.8280,24.5802,54.9822,27.0967,30,/root/datasets_mask/dota15_yolo/dota15_20p_3way.yaml,7.0
r10_d15d15_base30_3way_s44n,d15d15,base30,44,best,test,15.1030,24.7694,56.7628,26.5245,30,/root/datasets_mask/dota15_yolo/dota15_20p_3way.yaml,6.8
r10_d15d15_base30_3way_s44n,d15d15,base30,44,last,test,14.8737,24.5174,57.4468,26.9940,30,/root/datasets_mask/dota15_yolo/dota15_20p_3way.yaml,7.1
r10_d15d15_lr005_30ep_3way_s42n,d15d15,lr005_30ep,42,best,test,14.2547,23.5584,65.4769,25.4787,30,/root/datasets_mask/dota15_yolo/dota15_20p_3way.yaml,7.1
r10_d15d15_lr005_30ep_3way_s42n,d15d15,lr005_30ep,42,last,test,15.7067,26.3083,59.6799,28.2973,30,/root/datasets_mask/dota15_yolo/dota15_20p_3way.yaml,6.8
r10_d15d15_lr005_30ep_3way_s43n,d15d15,lr005_30ep,43,best,test,15.5691,26.3245,60.8124,28.5519,30,/root/datasets_mask/dota15_yolo/dota15_20p_3way.yaml,6.4
r10_d15d15_lr005_30ep_3way_s43n,d15d15,lr005_30ep,43,last,test,15.5691,26.3245,60.8124,28.5519,30,/root/datasets_mask/dota15_yolo/dota15_20p_3way.yaml,6.4
r10_d15d15_lr005_30ep_3way_s44n,d15d15,lr005_30ep,44,best,test,15.0704,24.7594,69.8376,25.8559,30,/root/datasets_mask/dota15_yolo/dota15_20p_3way.yaml,6.6
r10_d15d15_lr005_30ep_3way_s44n,d15d15,lr005_30ep,44,last,test,15.2994,25.7837,59.6877,27.9328,30,/root/datasets_mask/dota15_yolo/dota15_20p_3way.yaml,6.7
r10_dota_base30_3way_s42n,dota,base30,42,best,test,17.0840,29.0876,71.0202,30.2856,30,/root/datasets_mask/dota_yolo/dota_20p_3way.yaml,6.5
r10_dota_base30_3way_s42n,dota,base30,42,last,test,16.8505,29.2349,69.1325,30.5261,30,/root/datasets_mask/dota_yolo/dota_20p_3way.yaml,6.0
r10_dota_base30_3way_s43n,dota,base30,43,best,test,17.0378,29.1219,69.3739,30.0065,30,/root/datasets_mask/dota_yolo/dota_20p_3way.yaml,5.7
r10_dota_base30_3way_s43n,dota,base30,43,last,test,16.6422,29.0635,68.2782,29.9610,30,/root/datasets_mask/dota_yolo/dota_20p_3way.yaml,6.1
r10_dota_base30_3way_s44n,dota,base30,44,best,test,17.3840,29.7331,69.5728,30.6065,30,/root/datasets_mask/dota_yolo/dota_20p_3way.yaml,5.5
r10_dota_base30_3way_s44n,dota,base30,44,last,test,16.7635,29.1379,68.0384,30.6917,30,/root/datasets_mask/dota_yolo/dota_20p_3way.yaml,6.4
r10_dota_lr005_30ep_3way_s42n,dota,lr005_30ep,42,best,test,15.9356,27.3311,72.8448,28.9773,30,/root/datasets_mask/dota_yolo/dota_20p_3way.yaml,6.0
r10_dota_lr005_30ep_3way_s42n,dota,lr005_30ep,42,last,test,17.3015,30.2091,61.1729,31.4039,30,/root/datasets_mask/dota_yolo/dota_20p_3way.yaml,6.4
r10_dota_lr005_30ep_3way_s43n,dota,lr005_30ep,43,best,test,16.6210,29.2207,57.7201,30.2224,30,/root/datasets_mask/dota_yolo/dota_20p_3way.yaml,6.1
r10_dota_lr005_30ep_3way_s43n,dota,lr005_30ep,43,last,test,16.4977,29.1604,59.9430,30.5308,30,/root/datasets_mask/dota_yolo/dota_20p_3way.yaml,6.6
r10_dota_lr005_30ep_3way_s44n,dota,lr005_30ep,44,best,test,16.1452,27.8637,71.2153,29.2291,30,/root/datasets_mask/dota_yolo/dota_20p_3way.yaml,6.3
r10_dota_lr005_30ep_3way_s44n,dota,lr005_30ep,44,last,test,17.1765,29.8652,66.1425,31.0043,30,/root/datasets_mask/dota_yolo/dota_20p_3way.yaml,5.9
r10_fire_base30_3way_s42n,fire,base30,42,best,test,39.7522,72.0459,77.9687,64.6354,30,/root/datasets_mask/firesmoke_clean/firesmoke20_3way.yaml,319.7
r10_fire_base30_3way_s42n,fire,base30,42,last,test,36.8383,69.5246,78.3492,62.8831,30,/root/datasets_mask/firesmoke_clean/firesmoke20_3way.yaml,17.0
r10_fire_base30_3way_s43n,fire,base30,43,best,test,39.1364,71.0809,76.3783,64.7671,30,/root/datasets_mask/firesmoke_clean/firesmoke20_3way.yaml,17.2
r10_fire_base30_3way_s43n,fire,base30,43,last,test,37.1261,69.0913,75.9562,63.3882,30,/root/datasets_mask/firesmoke_clean/firesmoke20_3way.yaml,17.2
r10_fire_base30_3way_s44n,fire,base30,44,best,test,39.8551,71.9127,77.8674,64.7399,30,/root/datasets_mask/firesmoke_clean/firesmoke20_3way.yaml,17.1
r10_fire_base30_3way_s44n,fire,base30,44,last,test,36.3187,68.1160,77.1962,62.6428,30,/root/datasets_mask/firesmoke_clean/firesmoke20_3way.yaml,17.3
r10_fire_lr005_30ep_3way_s42n,fire,lr005_30ep,42,best,test,36.3915,67.4960,74.1825,60.7720,30,/root/datasets_mask/firesmoke_clean/firesmoke20_3way.yaml,17.2
r10_fire_lr005_30ep_3way_s42n,fire,lr005_30ep,42,last,test,35.7516,67.1452,76.2957,59.9943,30,/root/datasets_mask/firesmoke_clean/firesmoke20_3way.yaml,17.2
r10_fire_lr005_30ep_3way_s43n,fire,lr005_30ep,43,best,test,35.0768,66.5779,74.1492,60.7300,30,/root/datasets_mask/firesmoke_clean/firesmoke20_3way.yaml,17.3
r10_fire_lr005_30ep_3way_s43n,fire,lr005_30ep,43,last,test,35.0768,66.5779,74.1492,60.7300,30,/root/datasets_mask/firesmoke_clean/firesmoke20_3way.yaml,47.6
r10_fire_lr005_30ep_3way_s44n,fire,lr005_30ep,44,best,test,34.1236,64.5337,72.0441,58.4074,30,/root/datasets_mask/firesmoke_clean/firesmoke20_3way.yaml,17.3
r10_fire_lr005_30ep_3way_s44n,fire,lr005_30ep,44,last,test,35.5562,67.3467,72.9378,61.9909,30,/root/datasets_mask/firesmoke_clean/firesmoke20_3way.yaml,17.2
r10_mask20_base30_3way_s42n,mask20,base30,42,best,test,65.7726,95.7119,96.0695,92.8177,30,/root/datasets_mask/mask_clean/mask20_3way.yaml,63.8
r10_mask20_base30_3way_s42n,mask20,base30,42,last,test,64.9907,95.2498,95.8442,91.8969,30,/root/datasets_mask/mask_clean/mask20_3way.yaml,3.4
r10_mask20_base30_3way_s43n,mask20,base30,43,best,test,65.6131,95.0611,94.7370,91.5285,30,/root/datasets_mask/mask_clean/mask20_3way.yaml,3.3
r10_mask20_base30_3way_s43n,mask20,base30,43,last,test,65.1367,94.7434,94.7550,92.4494,30,/root/datasets_mask/mask_clean/mask20_3way.yaml,3.3
r10_mask20_base30_3way_s44n,mask20,base30,44,best,test,64.6587,95.1477,95.6038,90.7919,30,/root/datasets_mask/mask_clean/mask20_3way.yaml,3.2
r10_mask20_base30_3way_s44n,mask20,base30,44,last,test,64.9415,94.4946,96.1683,92.4434,30,/root/datasets_mask/mask_clean/mask20_3way.yaml,3.5
r10_mask20_lr005_30ep_3way_s42n,mask20,lr005_30ep,42,best,test,63.5863,94.4128,95.8225,91.7127,30,/root/datasets_mask/mask_clean/mask20_3way.yaml,3.3
r10_mask20_lr005_30ep_3way_s42n,mask20,lr005_30ep,42,last,test,63.7693,93.8068,93.5800,91.8969,30,/root/datasets_mask/mask_clean/mask20_3way.yaml,33.5
r10_mask20_lr005_30ep_3way_s43n,mask20,lr005_30ep,43,best,test,65.3872,95.6637,96.7715,91.5285,30,/root/datasets_mask/mask_clean/mask20_3way.yaml,3.4
r10_mask20_lr005_30ep_3way_s43n,mask20,lr005_30ep,43,last,test,63.9542,94.2542,95.4219,90.4236,30,/root/datasets_mask/mask_clean/mask20_3way.yaml,3.2
r10_mask20_lr005_30ep_3way_s44n,mask20,lr005_30ep,44,best,test,64.2714,95.3896,93.4369,93.0018,30,/root/datasets_mask/mask_clean/mask20_3way.yaml,3.5
r10_mask20_lr005_30ep_3way_s44n,mask20,lr005_30ep,44,last,test,64.1863,94.5493,96.4841,90.7919,30,/root/datasets_mask/mask_clean/mask20_3way.yaml,3.3
r10_mende20_base30_3way_s42n,mende20,base30,42,best,test,73.3550,95.8841,92.1304,91.3136,30,/root/datasets_mask/mendeley_yolo/mende20_3way.yaml,3.0
r10_mende20_base30_3way_s42n,mende20,base30,42,last,test,69.0194,95.5078,92.7082,91.1017,30,/root/datasets_mask/mendeley_yolo/mende20_3way.yaml,3.0
r10_mende20_base30_3way_s43n,mende20,base30,43,best,test,73.0716,96.2073,92.4347,90.6780,30,/root/datasets_mask/mendeley_yolo/mende20_3way.yaml,33.1
r10_mende20_base30_3way_s43n,mende20,base30,43,last,test,70.4498,96.0804,93.8812,91.0178,30,/root/datasets_mask/mendeley_yolo/mende20_3way.yaml,3.0
r10_mende20_base30_3way_s44n,mende20,base30,44,best,test,72.7981,96.7879,91.8482,92.7966,30,/root/datasets_mask/mendeley_yolo/mende20_3way.yaml,2.9
r10_mende20_base30_3way_s44n,mende20,base30,44,last,test,69.9267,95.4857,92.7101,90.2542,30,/root/datasets_mask/mendeley_yolo/mende20_3way.yaml,3.0
r10_mende20_lr005_30ep_3way_s42n,mende20,lr005_30ep,42,best,test,72.5687,96.4730,93.7696,93.0085,30,/root/datasets_mask/mendeley_yolo/mende20_3way.yaml,3.1
r10_mende20_lr005_30ep_3way_s42n,mende20,lr005_30ep,42,last,test,68.9144,95.5270,94.3580,88.5819,30,/root/datasets_mask/mendeley_yolo/mende20_3way.yaml,3.1
r10_mende20_lr005_30ep_3way_s43n,mende20,lr005_30ep,43,best,test,69.9061,95.3949,93.2920,90.0424,30,/root/datasets_mask/mendeley_yolo/mende20_3way.yaml,3.1
r10_mende20_lr005_30ep_3way_s43n,mende20,lr005_30ep,43,last,test,68.6563,94.8161,92.4240,90.4628,30,/root/datasets_mask/mendeley_yolo/mende20_3way.yaml,2.9
r10_mende20_lr005_30ep_3way_s44n,mende20,lr005_30ep,44,best,test,68.0396,95.8864,93.3860,89.4068,30,/root/datasets_mask/mendeley_yolo/mende20_3way.yaml,2.9
r10_mende20_lr005_30ep_3way_s44n,mende20,lr005_30ep,44,last,test,68.4075,94.5450,91.3655,91.9152,30,/root/datasets_mask/mendeley_yolo/mende20_3way.yaml,3.1
r10_vis_base30_3way_s42n,vis,base30,42,best,test,11.7697,21.4026,34.7512,26.0370,30,/root/datasets_mask/visdrone/visdrone_20p_3way.yaml,7.4
r10_vis_base30_3way_s42n,vis,base30,42,last,test,11.2923,20.8408,32.8487,25.9913,30,/root/datasets_mask/visdrone/visdrone_20p_3way.yaml,7.6
r10_vis_base30_3way_s43n,vis,base30,43,best,test,11.4913,21.0612,32.2357,26.3781,30,/root/datasets_mask/visdrone/visdrone_20p_3way.yaml,7.3
r10_vis_base30_3way_s43n,vis,base30,43,last,test,11.3326,20.8392,32.6351,25.8861,30,/root/datasets_mask/visdrone/visdrone_20p_3way.yaml,7.7
r10_vis_base30_3way_s44n,vis,base30,44,best,test,11.6529,21.3947,34.2504,25.9316,30,/root/datasets_mask/visdrone/visdrone_20p_3way.yaml,7.2
r10_vis_base30_3way_s44n,vis,base30,44,last,test,11.2580,20.7176,32.3152,25.5583,30,/root/datasets_mask/visdrone/visdrone_20p_3way.yaml,7.8
r10_vis_lr005_30ep_3way_s42n,vis,lr005_30ep,42,best,test,11.2038,20.9404,34.8186,25.4930,30,/root/datasets_mask/visdrone/visdrone_20p_3way.yaml,7.4
r10_vis_lr005_30ep_3way_s42n,vis,lr005_30ep,42,last,test,11.1487,20.5642,32.9129,25.5355,30,/root/datasets_mask/visdrone/visdrone_20p_3way.yaml,7.2
r10_vis_lr005_30ep_3way_s43n,vis,lr005_30ep,43,best,test,11.1948,20.3867,35.1148,24.5163,30,/root/datasets_mask/visdrone/visdrone_20p_3way.yaml,7.2
r10_vis_lr005_30ep_3way_s43n,vis,lr005_30ep,43,last,test,11.0482,20.4010,32.4593,25.4946,30,/root/datasets_mask/visdrone/visdrone_20p_3way.yaml,7.2
r10_vis_lr005_30ep_3way_s44n,vis,lr005_30ep,44,best,test,10.6448,19.6294,32.4076,24.7479,30,/root/datasets_mask/visdrone/visdrone_20p_3way.yaml,7.4
r10_vis_lr005_30ep_3way_s44n,vis,lr005_30ep,44,last,test,10.8052,19.9727,31.0987,25.5427,30,/root/datasets_mask/visdrone/visdrone_20p_3way.yaml,7.3
