run,ckpt,split,map50_95,map50,mp,mr,n_images,secs
r10_aitod20_base30_3way_s42n,best,val,14.6211,32.9275,77.4411,33.1728,,6.1
r10_aitod20_base30_3way_s42n,best,test,10.2107,25.5066,60.8351,27.0486,,11.4
r10_aitod20_base30_3way_s42n,last,val,13.8259,31.7282,48.2031,30.8542,,5.3
r10_aitod20_base30_3way_s42n,last,test,10.5869,26.2150,61.0518,26.8428,,11.4
r10_shwd2sf_base100_3way_s42n,best,val,60.7069,90.6309,88.9218,86.8555,,3.8
r10_shwd2sf_base100_3way_s42n,best,test,43.5132,73.6384,83.0383,69.5834,,15.5
r10_shwd2sf_base100_3way_s42n,last,val,58.9766,89.7324,90.7012,84.7028,,3.7
r10_shwd2sf_base100_3way_s42n,last,test,42.9459,72.4100,84.6702,68.2790,,15.3
r10_shwd2sf_base100_3way_s43n,best,val,60.9660,90.4827,90.5691,85.8299,,3.7
r10_shwd2sf_base100_3way_s43n,best,test,43.8847,74.2274,82.4201,69.6205,,15.3
r10_shwd2sf_base100_3way_s43n,last,val,59.8220,89.5991,91.8828,82.7283,,3.6
r10_shwd2sf_base100_3way_s43n,last,test,42.9480,72.5846,83.8889,69.2434,,15.5
r10_shwd2sf_base100_3way_s44n,best,val,61.1348,91.2463,91.2600,87.1736,,3.8
r10_shwd2sf_base100_3way_s44n,best,test,43.0529,72.9645,83.8263,68.7388,,15.3
r10_shwd2sf_base100_3way_s44n,last,val,59.3263,90.1973,91.3820,85.6598,,3.7
r10_shwd2sf_base100_3way_s44n,last,test,42.3940,71.5669,82.7986,68.1943,,15.4
r10_shwd2sf_base100_3way_s45n,best,val,59.8657,90.1723,90.2677,85.5822,,3.7
r10_shwd2sf_base100_3way_s45n,best,test,43.0794,73.2346,82.3045,69.5468,,15.5
r10_shwd2sf_base100_3way_s45n,last,val,58.4740,89.4438,90.4621,85.3724,,3.7
r10_shwd2sf_base100_3way_s45n,last,test,42.9013,72.5460,84.4052,68.3281,,15.4
r10_shwd2sf_base100_3way_s46n,best,val,60.5067,90.3493,88.3009,88.0762,,3.6
r10_shwd2sf_base100_3way_s46n,best,test,43.6414,73.4056,81.5793,69.7001,,15.5
r10_shwd2sf_base100_3way_s46n,last,val,59.2842,90.0383,88.9866,85.9571,,3.7
r10_shwd2sf_base100_3way_s46n,last,test,42.8452,72.4776,82.5224,69.4637,,15.3
r10_shwd2sf_base100_3way_s47n,best,val,60.8864,91.5567,92.0894,86.7495,,3.5
r10_shwd2sf_base100_3way_s47n,best,test,43.7806,73.6604,83.1527,69.8989,,15.4
r10_shwd2sf_base100_3way_s47n,last,val,59.7747,90.1621,91.1123,86.6491,,3.6
r10_shwd2sf_base100_3way_s47n,last,test,43.2668,73.1002,84.8186,68.5308,,15.3
r10_shwd2sf_base100_3way_s48n,best,val,60.5156,90.8609,92.1363,86.3558,,3.5
r10_shwd2sf_base100_3way_s48n,best,test,43.3903,72.8793,81.1447,69.5874,,15.6
r10_shwd2sf_base100_3way_s48n,last,val,59.6146,90.1154,90.8887,85.3128,,3.7
r10_shwd2sf_base100_3way_s48n,last,test,42.7843,72.4571,84.4884,67.5281,,15.2
r10_shwd2sf_base100_3way_s49n,best,val,60.9992,90.5614,91.7035,85.7473,,3.8
r10_shwd2sf_base100_3way_s49n,best,test,43.9917,73.9160,84.7600,68.6734,,15.7
r10_shwd2sf_base100_3way_s49n,last,val,59.2483,89.1807,85.2632,85.4305,,3.7
r10_shwd2sf_base100_3way_s49n,last,test,42.9097,72.5383,85.8476,67.6874,,15.7
r10_shwd2sf_base100_3way_s50n,best,val,60.8539,91.2837,92.6260,85.9293,,3.7
r10_shwd2sf_base100_3way_s50n,best,test,43.6408,73.3473,83.7878,69.0459,,15.5
r10_shwd2sf_base100_3way_s50n,last,val,59.0177,89.7870,90.9517,84.2396,,3.6
r10_shwd2sf_base100_3way_s50n,last,test,42.6083,71.6957,84.5834,67.2625,,15.6
r10_shwd2sf_base100_3way_s51n,best,val,60.2082,90.4743,88.1232,86.9062,,3.7
r10_shwd2sf_base100_3way_s51n,best,test,43.6257,73.2091,84.9155,69.2138,,15.0
r10_shwd2sf_base100_3way_s51n,last,val,58.7345,88.8141,86.9719,86.4525,,3.7
r10_shwd2sf_base100_3way_s51n,last,test,42.6357,72.2899,85.5695,67.5819,,15.5
r10_shwd2sf_lr005_100ep_3way_s42n,best,val,60.9125,91.0817,91.3659,85.5616,,3.7
r10_shwd2sf_lr005_100ep_3way_s42n,best,test,44.2598,73.8699,85.3794,68.5811,,15.5
r10_shwd2sf_lr005_100ep_3way_s42n,last,val,59.5859,90.4497,93.0752,85.8618,,3.5
r10_shwd2sf_lr005_100ep_3way_s42n,last,test,43.5695,73.2241,83.5701,69.3622,,15.4
r10_shwd2sf_lr005_100ep_3way_s43n,best,val,60.4914,90.5627,87.9263,86.6471,,3.8
r10_shwd2sf_lr005_100ep_3way_s43n,best,test,43.9472,73.6890,82.4646,70.5305,,15.6
r10_shwd2sf_lr005_100ep_3way_s43n,last,val,59.1049,89.6079,91.1785,84.3405,,3.7
r10_shwd2sf_lr005_100ep_3way_s43n,last,test,43.8608,73.2132,83.9207,69.6038,,14.9
r10_shwd2sf_lr005_100ep_3way_s44n,best,val,60.0031,90.0685,93.3325,84.5481,,3.5
r10_shwd2sf_lr005_100ep_3way_s44n,best,test,44.4421,74.1619,84.7079,70.0140,,15.1
r10_shwd2sf_lr005_100ep_3way_s44n,last,val,58.9199,89.5152,89.8463,85.9950,,3.8
r10_shwd2sf_lr005_100ep_3way_s44n,last,test,44.1342,73.6052,83.3378,69.3834,,15.7
r10_shwd2sf_lr005_100ep_3way_s45n,best,val,60.7888,91.0440,94.6810,83.6647,,3.7
r10_shwd2sf_lr005_100ep_3way_s45n,best,test,44.1317,73.4995,83.6270,69.5543,,15.2
r10_shwd2sf_lr005_100ep_3way_s45n,last,val,60.5794,91.2846,91.2714,87.0194,,3.7
r10_shwd2sf_lr005_100ep_3way_s45n,last,test,43.9342,73.4606,83.3286,69.6491,,15.8
r10_shwd2sf_lr005_100ep_3way_s46n,best,val,60.4562,90.7370,89.8217,86.7180,,3.7
r10_shwd2sf_lr005_100ep_3way_s46n,best,test,44.3537,74.2437,84.7387,69.7376,,15.4
r10_shwd2sf_lr005_100ep_3way_s46n,last,val,59.2981,90.0381,91.9493,84.7434,,3.7
r10_shwd2sf_lr005_100ep_3way_s46n,last,test,44.2424,73.7096,83.8139,69.3649,,15.4
r10_shwd2sf_lr005_100ep_3way_s47n,best,val,60.6673,90.8538,89.4237,87.8431,,3.7
r10_shwd2sf_lr005_100ep_3way_s47n,best,test,43.9661,73.3987,84.4870,68.4281,,15.6
r10_shwd2sf_lr005_100ep_3way_s47n,last,val,60.3551,90.3277,90.5803,85.8793,,3.7
r10_shwd2sf_lr005_100ep_3way_s47n,last,test,43.9441,73.4279,83.1512,69.5900,,15.3
r10_shwd2sf_lr005_100ep_3way_s48n,best,val,59.7423,89.5350,90.7356,83.5461,,3.6
r10_shwd2sf_lr005_100ep_3way_s48n,best,test,43.7132,72.6314,83.4203,69.1140,,15.4
r10_shwd2sf_lr005_100ep_3way_s48n,last,val,58.7106,89.4387,91.1981,85.7263,,3.7
r10_shwd2sf_lr005_100ep_3way_s48n,last,test,43.7953,72.9203,83.3622,69.1727,,15.1
r10_shwd2sf_lr005_100ep_3way_s49n,best,val,60.3754,89.4388,88.0551,86.8757,,3.8
r10_shwd2sf_lr005_100ep_3way_s49n,best,test,43.7986,73.5904,84.3671,69.1178,,15.4
r10_shwd2sf_lr005_100ep_3way_s49n,last,val,59.0278,88.7598,88.3023,84.9677,,3.7
r10_shwd2sf_lr005_100ep_3way_s49n,last,test,44.0268,73.4412,83.1302,69.6375,,15.4
r10_shwd2sf_lr005_100ep_3way_s50n,best,val,60.1878,89.5982,89.6035,84.6524,,3.9
r10_shwd2sf_lr005_100ep_3way_s50n,best,test,43.7845,73.4303,80.7799,70.7203,,15.4
r10_shwd2sf_lr005_100ep_3way_s50n,last,val,59.6340,89.2201,87.3399,87.2684,,3.6
r10_shwd2sf_lr005_100ep_3way_s50n,last,test,44.0775,73.2617,83.0225,70.3183,,15.5
r10_shwd2sf_lr005_100ep_3way_s51n,best,val,60.4905,89.4792,90.2794,87.4402,,3.6
r10_shwd2sf_lr005_100ep_3way_s51n,best,test,44.2686,73.3286,83.1712,69.8820,,15.3
r10_shwd2sf_lr005_100ep_3way_s51n,last,val,60.1534,90.1525,91.0854,87.0749,,3.7
r10_shwd2sf_lr005_100ep_3way_s51n,last,test,43.5605,72.7544,85.3864,68.7784,,15.3
r10_smoke2sf_base100_3way_s42n,best,val,58.6958,88.8172,92.3923,81.2106,,3.7
r10_smoke2sf_base100_3way_s42n,best,test,42.1028,72.7231,82.8711,67.5289,,15.5
r10_smoke2sf_base100_3way_s42n,last,val,57.6892,87.8271,92.0953,80.9539,,3.6
r10_smoke2sf_base100_3way_s42n,last,test,41.6612,71.6289,81.3461,66.9331,,15.3
r10_smoke2sf_base100_3way_s43n,best,val,58.7983,88.6558,89.1741,84.0396,,3.7
r10_smoke2sf_base100_3way_s43n,best,test,42.3233,72.7499,82.4360,67.6825,,15.4
r10_smoke2sf_base100_3way_s43n,last,val,58.4485,87.4803,90.1891,82.3003,,3.7
r10_smoke2sf_base100_3way_s43n,last,test,41.7258,71.5242,83.0631,65.7553,,15.5
r10_smoke2sf_base100_3way_s44n,best,val,58.8824,87.8350,91.3677,81.8266,,3.8
r10_smoke2sf_base100_3way_s44n,best,test,42.2818,72.2099,81.9968,68.3709,,15.6
r10_smoke2sf_base100_3way_s44n,last,val,58.5258,88.3012,90.1976,83.0559,,3.7
r10_smoke2sf_base100_3way_s44n,last,test,41.3666,71.2186,81.6156,67.0217,,15.4
r10_smoke2sf_base100_3way_s45n,best,val,58.7397,89.3163,92.3666,82.1592,,3.7
r10_smoke2sf_base100_3way_s45n,best,test,41.2532,72.0173,81.2186,67.3851,,15.4
r10_smoke2sf_base100_3way_s45n,last,val,57.5917,87.7684,89.2385,82.8935,,3.7
r10_smoke2sf_base100_3way_s45n,last,test,41.0544,70.8064,81.0131,66.9878,,15.6
r10_smoke2sf_base100_3way_s46n,best,val,58.6890,88.4588,91.2778,81.3410,,3.8
r10_smoke2sf_base100_3way_s46n,best,test,41.8990,71.6966,81.4732,66.8004,,15.6
r10_smoke2sf_base100_3way_s46n,last,val,57.8618,87.9321,88.9262,81.4649,,3.9
r10_smoke2sf_base100_3way_s46n,last,test,41.2577,70.7133,80.6936,65.9707,,15.6
r10_smoke2sf_base100_3way_s47n,best,val,59.2279,88.7530,91.7689,82.6715,,3.7
r10_smoke2sf_base100_3way_s47n,best,test,42.1012,71.8105,82.3467,66.6884,,15.7
r10_smoke2sf_base100_3way_s47n,last,val,58.5574,88.0733,87.0808,83.0764,,3.7
r10_smoke2sf_base100_3way_s47n,last,test,41.4367,70.9305,80.3169,66.6835,,15.2
r10_smoke2sf_base100_3way_s48n,best,val,58.6818,88.3584,89.9661,82.3649,,3.7
r10_smoke2sf_base100_3way_s48n,best,test,42.4019,72.3649,83.4744,67.1946,,15.2
r10_smoke2sf_base100_3way_s48n,last,val,57.7552,87.3226,88.9165,81.4499,,3.8
r10_smoke2sf_base100_3way_s48n,last,test,41.4411,71.6458,82.3529,67.2484,,15.4
r10_smoke2sf_base100_3way_s49n,best,val,58.6165,89.0159,89.0077,83.6037,,3.6
r10_smoke2sf_base100_3way_s49n,best,test,41.9635,71.7717,81.5629,67.6246,,15.2
r10_smoke2sf_base100_3way_s49n,last,val,58.3926,88.1048,88.4568,83.2780,,3.8
r10_smoke2sf_base100_3way_s49n,last,test,42.0819,71.9718,82.4139,67.0509,,15.4
r10_smoke2sf_base100_3way_s50n,best,val,58.4442,88.4028,92.8854,80.9888,,3.8
r10_smoke2sf_base100_3way_s50n,best,test,42.1076,72.2303,83.8580,67.8588,,15.7
r10_smoke2sf_base100_3way_s50n,last,val,57.4096,87.5202,87.7652,84.7979,,3.8
r10_smoke2sf_base100_3way_s50n,last,test,41.9228,71.3951,81.9785,66.6666,,15.4
r10_smoke2sf_base100_3way_s51n,best,val,58.3640,88.9148,89.5117,85.1992,,3.6
r10_smoke2sf_base100_3way_s51n,best,test,42.2023,72.1958,83.1313,67.6150,,15.3
r10_smoke2sf_base100_3way_s51n,last,val,58.0649,88.6810,87.8451,83.9208,,3.5
r10_smoke2sf_base100_3way_s51n,last,test,41.5992,71.5499,80.6091,67.9474,,15.2
r10_smoke2sf_lr005_100ep_3way_s42n,best,val,59.4228,89.2628,90.5046,83.9950,,3.8
r10_smoke2sf_lr005_100ep_3way_s42n,best,test,43.7279,73.1405,83.7362,68.6984,,15.4
r10_smoke2sf_lr005_100ep_3way_s42n,last,val,59.4228,89.2628,90.5046,83.9950,,3.5
r10_smoke2sf_lr005_100ep_3way_s42n,last,test,43.7279,73.1405,83.7362,68.6984,,15.3
r10_smoke2sf_lr005_100ep_3way_s43n,best,val,60.1714,88.7377,90.6690,84.6457,,3.6
r10_smoke2sf_lr005_100ep_3way_s43n,best,test,43.7311,73.2787,84.7764,68.7927,,15.4
r10_smoke2sf_lr005_100ep_3way_s43n,last,val,59.0289,88.8709,91.7056,84.1669,,3.7
r10_smoke2sf_lr005_100ep_3way_s43n,last,test,43.3723,72.7839,82.8020,69.4028,,15.4
r10_smoke2sf_lr005_100ep_3way_s44n,best,val,60.1415,89.6043,91.4029,82.7490,,3.7
r10_smoke2sf_lr005_100ep_3way_s44n,best,test,43.1913,72.6889,83.5737,68.4809,,15.6
r10_smoke2sf_lr005_100ep_3way_s44n,last,val,59.6205,89.7418,90.6141,85.6870,,3.7
r10_smoke2sf_lr005_100ep_3way_s44n,last,test,43.6078,72.8588,83.4520,68.7168,,15.9
r10_smoke2sf_lr005_100ep_3way_s45n,best,val,60.0882,90.6161,88.2916,88.9794,,7.8
r10_smoke2sf_lr005_100ep_3way_s45n,best,test,43.1742,72.5714,83.7026,68.6819,,15.4
r10_smoke2sf_lr005_100ep_3way_s45n,last,val,60.0310,90.5890,91.6085,86.3220,,3.6
r10_smoke2sf_lr005_100ep_3way_s45n,last,test,43.5021,72.8018,83.6265,69.0517,,15.5
r10_smoke2sf_lr005_100ep_3way_s46n,best,val,59.1310,89.7355,90.8087,84.5794,,3.6
r10_smoke2sf_lr005_100ep_3way_s46n,best,test,43.7853,73.4228,82.9212,68.2454,,15.6
r10_smoke2sf_lr005_100ep_3way_s46n,last,val,58.7437,89.2003,90.7292,84.6618,,3.7
r10_smoke2sf_lr005_100ep_3way_s46n,last,test,43.3630,72.5224,83.2607,67.9809,,15.4
r10_smoke2sf_lr005_100ep_3way_s47n,best,val,59.7491,88.6897,91.6396,83.2585,,3.8
r10_smoke2sf_lr005_100ep_3way_s47n,best,test,43.7140,73.4114,83.9401,68.6273,,15.5
r10_smoke2sf_lr005_100ep_3way_s47n,last,val,58.8520,88.7095,90.8558,85.3252,,3.7
r10_smoke2sf_lr005_100ep_3way_s47n,last,test,43.8714,73.9116,84.9919,69.5931,,15.3
r10_smoke2sf_lr005_100ep_3way_s48n,best,val,59.2021,88.7591,87.3887,86.4916,,3.7
r10_smoke2sf_lr005_100ep_3way_s48n,best,test,43.3892,73.3057,84.2944,68.8967,,15.3
r10_smoke2sf_lr005_100ep_3way_s48n,last,val,58.6822,88.2906,87.9636,85.0794,,3.9
r10_smoke2sf_lr005_100ep_3way_s48n,last,test,43.7303,73.3858,83.7290,69.6497,,15.2
r10_smoke2sf_lr005_100ep_3way_s49n,best,val,59.8747,88.5233,90.9580,84.2292,,3.8
r10_smoke2sf_lr005_100ep_3way_s49n,best,test,43.5033,73.3106,82.8572,68.0894,,15.5
r10_smoke2sf_lr005_100ep_3way_s49n,last,val,58.5767,88.3119,87.4735,84.8574,,3.7
r10_smoke2sf_lr005_100ep_3way_s49n,last,test,43.7206,73.1542,82.1878,70.0765,,15.4
r10_smoke2sf_lr005_100ep_3way_s50n,best,val,59.1077,89.7136,91.3917,84.4034,,3.7
r10_smoke2sf_lr005_100ep_3way_s50n,best,test,42.9895,72.6132,82.6403,68.1664,,15.1
r10_smoke2sf_lr005_100ep_3way_s50n,last,val,58.2670,88.6229,88.3652,86.1418,,3.8
r10_smoke2sf_lr005_100ep_3way_s50n,last,test,43.8406,73.1867,82.0593,69.5926,,15.6
r10_smoke2sf_lr005_100ep_3way_s51n,best,val,59.8919,89.8803,91.8481,84.8813,,3.5
r10_smoke2sf_lr005_100ep_3way_s51n,best,test,43.7593,73.2790,84.9777,68.3544,,15.2
r10_smoke2sf_lr005_100ep_3way_s51n,last,val,59.5827,89.5618,91.7565,85.0181,,3.8
r10_smoke2sf_lr005_100ep_3way_s51n,last,test,43.8005,73.2691,85.0308,68.0610,,15.2
