row,benchmark,release,protocol,yolo_dist,reported,note
1,COCO,independent_test,independent_test,clean,clean,"release: official artifacts ship test-dev partition with public annotations (partition rule; the printed n_a has no derivable rule — manual gap). protocol: test-dev explicitly publicly annotated. yolo_dist: mirror config three distinct paths (audit-quoted). reported: audit 3e clean + standard practice reports test-dev, distinct from val; audit's own 'mild F-A-adjacent' early-stopping caveat flagged as a manual ambiguity, not grounds to flip."
2,PASCAL VOC,independent_test,test_gated,alias,alias,"release: test2007 partition shipped with labels (partition rule; printed n_a underivable). protocol: audit explicit that VOC2012 test labels were never released. yolo_dist: mirror VOC.yaml val==test2007==test, audit-quoted lines. reported: audit explicit 'every YOLO VOC number is reported on test2007 — and selected on it'."
3,Objects365,no_test,no_test,no_test_key,alias,"release/protocol: audit's operative position is F-B (v1 train/val only; v2 challenge test not locally evaluable); version anchoring registered as a manual ambiguity (a v2-anchored reading would give independent_test/test_gated). yolo_dist: mirror test key present-but-empty, audit-quoted. reported: audit explicit 'mAP^val ... validation numbers by construction'."
4,Open Images v7,independent_test,independent_test,no_test_key,alias,"release/protocol: audit explicit — all three official splits exhaustively annotated. yolo_dist: mirror config empties test, audit-quoted. reported: audit explicit 'the popular YOLO config drops it and reports on val'."
5,DOTA v1.0,independent_test,independent_test,clean,clean,"release: three separate archives shipped. protocol: affirmative structure, no explicit gating statement in the audit (the oblique 'not the official test server' phrasing registered as an ambiguity). yolo_dist: mirror config distinct. reported: audit's roll-up keeps the row out of every non-independent group; mirror test is a held-out slice distinct from val."
6,DOTA v2.0,independent_test,test_gated,clean,alias,"release: test-dev/test-challenge partitions exist. protocol: audit explicit 'official DOTA-v2.0 test annotations are server-only'. yolo_dist: mirror pipeline keeps train/val distinct with test-dev as test. reported: derived from the explicit gating fact — literature reports val, the selection split."
7,VisDrone-DET,independent_test,independent_test,clean,clean,"release: test-dev partition shipped. protocol: affirmative structure, audit silent on test-dev GT (silence rule; flagged — the coding codes the archived evidence base, not outside knowledge). yolo_dist: mirror config distinct. reported: audit explicit that the paper's reported test numbers are on test-dev, distinct from val."
8,AI-TOD,contradictory,contradictory,unknown,unknown,"release/protocol: audit explicit — the v2 README carries two mutually contradictory release statements and cannot determine local evaluability; (d-1) applied, trainval not used as grounds. yolo_dist: audit explicitly did not find a canonical YOLO yaml. reported: audit takes no position on the family's reporting practice; 3e's '(official)' clean verdict is a split-structure verdict, not a reporting one."
9,UAVDT,no_val,no_val,no_test_key,alias,"release/protocol: audit explicit 'train/test only, no val' (30/70 sequences). yolo_dist: audit §1 column-4 verdict is explicit ('F-B ... empty test:'), so the mark maps to no_test_key; §4's 'unverified beyond these two' caveat does not convert a stated verdict into unknown (precedence rule). DISAGREES with printed unknown. reported: audit 3b enumerates the row; val is the reported split."
10,xView,no_test,no_test,no_test_key,alias,"release/protocol: no test split exists (847 train + 282 label-free val). yolo_dist: mirror config has no test key and replaces the official split with a 90/10 autosplit, audit-quoted. reported: audit 3b enumerates the row; the autosplit val is a carve of train."
11,DIOR,independent_test,independent_test,no_test_key,alias,"release/protocol: audit's row asserts official train/val/test as separate archives; silence on GT -> silence rule. yolo_dist: only readable mirror (DIOR-R) has train+val and no test key, audit-quoted. reported: audit 3b header and the 14/19 roll-up explicitly enumerate DIOR ('via the DIOR-R YOLO copy'), so the audit does take a position; enumeration governs (precedence rule). DISAGREES with printed unknown. Count-bearing."
12,NWPU VHR-10,no_split,no_split,unknown,alias,"release/protocol: audit explicit — no official split shipped; TorchGeo 'split' means positive/negative. yolo_dist: audit explicitly could not verify any widely used NWPU YOLO yaml. reported: audit 3d and the 14/19 roll-up place the row in the alias group (any val is invented or aliased); attribution caveat (responsibility lies with the baseline) recorded."
13,SHWD,no_yaml,no_val,train_val_alias,alias,"release: folder-only release with no machine-readable config (audit §4 verifies zero yaml files); folder-only rule fixed in the manual. protocol: declared layout trainval/test, no val; official trainer calls test 'val'. yolo_dist: mirror config train==val, audit-quoted. reported: audit 3c enumerates the row."
14,SFCHD,alias,no_val,alias,alias,"release: the shipped split files themselves bind test and val (machine-verified: 6-line test.txt is a prefix of val.txt). protocol: paper protocol is train/test 4:1, no val. yolo_dist: the first-party distribution ships the aliased lists. reported: the reported test number is computed on images that are also val."
15,MAFA,no_val,no_val,unknown,alias,"release/protocol: audit explicit — train/test only, 'validation' occurs 0 times in the paper. yolo_dist: audit explicitly did not find a MAFA YOLO config and instructs not to claim absence. reported: with only train/test, the reported test split is the selection split (audit 3d)."
16,Mendeley face-mask,no_split,no_split,train_val_alias,alias,"release/protocol: audit explicit — the records ship no split at all. yolo_dist: the verified generator writes train==val from the same images_dir and emits no test key — F-C shape, so train_val_alias per the mark definitions; the printed alias(D) follows the audit's own 'F-A generated (train == val)' label, which conflates F-A with F-C. DISAGREES at mark level; both non-independent. reported: audit 3b and the 14/19 roll-up enumerate the family, so the audit takes a position; the 'treat as a hypothesis' caveat concerns identity, not the reporting mechanism. DISAGREES with printed unknown. Count-bearing."
17,WIDER FACE,independent_test,test_gated,no_test_key,alias,"release: test partition provided (images); GT withholding is protocol's clause. protocol: audit explicit, verified verbatim — test ground truth not released, server evaluation. yolo_dist: mirror config has no test key. reported: audit's boundary-conventions passage explicit — at the practically-reported level the row stays non-independent."
18,CrowdHuman,independent_test,test_gated,no_test_key,alias,"release: test partition exists as a declared subset; structurally identical to row 17, which the printed table itself marks independent_test at release — under any fixed rule one of the two rows must move. DISAGREES with printed test_gated. protocol: audit explicit verbatim — test annotations never released, online server only; the printed alias imports the authors' val-evaluation practice, which the reported unit already carries. DISAGREES with printed alias; both non-independent. yolo_dist: mirror config has no test key. reported: audit explicit — authors' own baseline evaluates on val; every third party reports val."
19,D-Fire (FireSmoke),independent_test,independent_test,clean,unknown,"release/protocol: official README declares three pre-split folders with annotations; (h-1) applied — the family's mixed verdict rested on a SHWD-lineage config and is retracted. yolo_dist: D-Fire-labeled mirror config distinct; (h-1) ruling puts the row in the clean group. reported: with (h-1) applied, no audit position on the family's reporting practice remains (3c's basis is retracted), so unknown."
